1 1.000000
2 0.000000
3 0.666667
4 0.500000
5 0.200000
6 0.166667
7 0.285714
8 0.250000
9 0.333333
10 0.500000
11 0.363636
12 0.500000
13 0.461538
14 0.285714
15 0.266667
16 0.375000
17 0.294118
18 0.333333
19 0.105263
20 0.100000
21 0.333333
22 0.409091
23 0.304348
24 0.291667
25 0.320000
26 0.423077
27 0.370370
28 0.214286
29 0.379310
30 0.400000
31 0.161290
32 0.218750
33 0.333333
34 0.411765
35 0.457143
36 0.305556
37 0.351351
38 0.263158
39 0.358974
40 0.400000
41 0.390244
42 0.309524
43 0.418605
44 0.227273
45 0.244444
46 0.326087
47 0.297872
48 0.291667
49 0.204082
50 0.240000
51 0.411765
52 0.250000
53 0.377358
54 0.425926
55 0.327273
56 0.321429
57 0.245614
58 0.362069
59 0.305085
60 0.400000
61 0.409836
62 0.306452
63 0.365079
64 0.359375
65 0.415385
66 0.378788
67 0.328358
68 0.338235
69 0.347826
70 0.257143
71 0.478873
72 0.305556
73 0.356164
74 0.378378
75 0.360000
76 0.328947
77 0.376623
78 0.474359
79 0.329114
80 0.300000
81 0.259259
82 0.439024
83 0.277108
84 0.345238
85 0.352941
86 0.232558
87 0.241379
88 0.375000
89 0.370787
90 0.311111
91 0.406593
92 0.326087
93 0.408602
94 0.265957
95 0.336842
96 0.260417
97 0.340206
98 0.336735
99 0.414141
100 0.280000
101 0.336634
102 0.294118
103 0.359223
104 0.375000
105 0.352381
106 0.292453
107 0.308411
108 0.296296
109 0.330275
110 0.290909
111 0.396396
112 0.428571
113 0.327434
114 0.315789
115 0.286957
116 0.301724
117 0.350427
118 0.347458
119 0.327731
120 0.400000
121 0.330579
122 0.368852
123 0.317073
124 0.306452
125 0.352000
126 0.309524
127 0.291339
128 0.320312
129 0.286822
130 0.353846
131 0.343511
132 0.265152
133 0.353383
134 0.388060
135 0.281481
136 0.345588
137 0.386861
138 0.333333
139 0.316547
140 0.264286
141 0.312057
142 0.288732
143 0.300699
144 0.305556
145 0.351724
146 0.315068
147 0.360544
148 0.304054
149 0.382550
150 0.360000
151 0.357616
152 0.282895
153 0.352941
154 0.298701
155 0.361290
156 0.333333
157 0.356688
158 0.322785
159 0.314465
160 0.356250
161 0.322981
162 0.364198
163 0.374233
164 0.304878
165 0.369697
166 0.313253
167 0.317365
168 0.351190
169 0.355030
170 0.211765
171 0.333333
172 0.406977
173 0.312139
174 0.293103
175 0.320000
176 0.318182
177 0.338983
178 0.359551
179 0.290503
180 0.294444
181 0.348066
182 0.313187
183 0.398907
184 0.342391
185 0.378378
186 0.290323
187 0.299465
188 0.340426
189 0.328042
190 0.289474
191 0.376963
192 0.369792
193 0.336788
194 0.293814
195 0.358974
196 0.352041
197 0.294416
198 0.318182
199 0.402010
200 0.335000
201 0.278607
202 0.371287
203 0.334975
204 0.338235
205 0.321951
206 0.281553
207 0.352657
208 0.336538
209 0.368421
210 0.328571
211 0.327014
212 0.339623
213 0.333333
214 0.336449
215 0.316279
216 0.333333
217 0.368664
218 0.348624
219 0.315068
220 0.313636
221 0.375566
222 0.373874
223 0.282511
224 0.316964
225 0.373333
226 0.309735
227 0.374449
228 0.328947
229 0.305677
230 0.352174
231 0.402597
232 0.344828
233 0.304721
234 0.311966
235 0.323404
236 0.338983
237 0.324895
238 0.310924
239 0.288703
240 0.325000
241 0.294606
242 0.347107
243 0.358025
244 0.311475
245 0.297959
246 0.317073
247 0.336032
248 0.395161
249 0.321285
250 0.352000
251 0.342629
252 0.321429
253 0.324111
254 0.338583
255 0.368627
256 0.328125
257 0.315175
258 0.333333
259 0.328185
260 0.350000
261 0.337165
262 0.320611
263 0.338403
264 0.310606
265 0.313208
266 0.368421
267 0.340824
268 0.313433
269 0.334572
270 0.303704
271 0.346863
272 0.316176
273 0.347985
274 0.328467
275 0.327273
276 0.300725
277 0.296029
278 0.338129
279 0.318996
280 0.303571
281 0.302491
282 0.340426
283 0.342756
284 0.352113
285 0.322807
286 0.360140
287 0.327526
288 0.413194
289 0.325260
290 0.317241
291 0.312715
292 0.356164
293 0.402730
294 0.340136
295 0.328814
296 0.347973
297 0.356902
298 0.295302
299 0.337793
300 0.343333
301 0.342193
302 0.324503
303 0.339934
304 0.328947
305 0.281967
306 0.362745
307 0.293160
308 0.370130
309 0.365696
310 0.319355
311 0.360129
312 0.336538
313 0.345048
314 0.359873
315 0.380952
316 0.325949
317 0.359621
318 0.342767
319 0.382445
320 0.346875
321 0.299065
322 0.394410
323 0.318885
324 0.314815
325 0.341538
326 0.355828
327 0.339450
328 0.304878
329 0.328267
330 0.324242
331 0.308157
332 0.376506
333 0.288288
334 0.341317
335 0.328358
336 0.315476
337 0.314540
338 0.322485
339 0.353982
340 0.326471
341 0.322581
342 0.309942
343 0.317784
344 0.311047
345 0.278261
346 0.303468
347 0.331412
348 0.330460
349 0.312321
350 0.302857
351 0.321937
352 0.343750
353 0.342776
354 0.387006
355 0.332394
356 0.317416
357 0.316527
358 0.332402
359 0.317549
360 0.313889
361 0.337950
362 0.287293
363 0.305785
364 0.302198
365 0.347945
366 0.322404
367 0.359673
368 0.304348
369 0.346883
370 0.356757
371 0.331536
372 0.319892
373 0.351206
374 0.323529
375 0.349333
376 0.321809
377 0.344828
378 0.309524
379 0.348285
380 0.323684
381 0.341207
382 0.306283
383 0.331593
384 0.315104
385 0.361039
386 0.362694
387 0.315245
388 0.386598
389 0.316195
390 0.310256
391 0.291560
392 0.329082
393 0.338422
394 0.335025
395 0.336709
396 0.328283
397 0.352645
398 0.331658
399 0.358396
400 0.295000
401 0.364090
402 0.323383
403 0.344913
404 0.324257
405 0.320988
406 0.349754
407 0.297297
408 0.323529
409 0.312958
410 0.334146
411 0.330900
412 0.351942
413 0.273608
414 0.318841
415 0.318072
416 0.336538
417 0.335731
418 0.327751
419 0.355609
420 0.302381
421 0.325416
422 0.353081
423 0.321513
424 0.353774
425 0.320000
426 0.389671
427 0.348946
428 0.320093
429 0.326340
430 0.330233
431 0.368910
432 0.344907
433 0.381062
434 0.297235
435 0.305747
436 0.339450
437 0.359268
438 0.372146
439 0.323462
440 0.352273
441 0.315193
442 0.368778
443 0.340858
444 0.306306
445 0.361798
446 0.298206
447 0.315436
448 0.341518
449 0.309577
450 0.346667
451 0.365854
452 0.362832
453 0.346578
454 0.314978
455 0.318681
456 0.296053
457 0.308534
458 0.351528
459 0.344227
460 0.334783
461 0.301518
462 0.324675
463 0.298056
464 0.318966
465 0.305376
466 0.334764
467 0.323340
468 0.337607
469 0.360341
470 0.334043
471 0.326964
472 0.319915
473 0.334038
474 0.308017
475 0.336842
476 0.342437
477 0.324948
478 0.307531
479 0.350731
480 0.400000
481 0.345114
482 0.367220
483 0.325052
484 0.328512
485 0.364948
486 0.360082
487 0.328542
488 0.344262
489 0.327198
490 0.346939
491 0.331976
492 0.333333
493 0.330629
494 0.342105
495 0.359596
496 0.340726
497 0.348089
498 0.337349
499 0.342685
500 0.336000
501 0.387226
502 0.318725
503 0.330020
504 0.335317
505 0.328713
506 0.339921
507 0.368836
508 0.360236
509 0.343811
510 0.309804
511 0.350294
512 0.330078
513 0.352827
514 0.340467
515 0.341748
516 0.339147
517 0.361702
518 0.355212
519 0.327553
520 0.346154
521 0.295585
522 0.310345
523 0.332696
524 0.335878
525 0.342857
526 0.330798
527 0.284630
528 0.337121
529 0.294896
530 0.345283
531 0.290019
532 0.343985
533 0.362101
534 0.337079
535 0.358879
536 0.350746
537 0.359404
538 0.358736
539 0.324675
540 0.348148
541 0.325323
542 0.332103
543 0.303867
544 0.321691
545 0.346789
546 0.364469
547 0.314442
548 0.337591
549 0.344262
550 0.349091
551 0.355717
552 0.336957
553 0.336347
554 0.344765
555 0.340541
556 0.332734
557 0.346499
558 0.369176
559 0.357782
560 0.341071
561 0.320856
562 0.348754
563 0.309059
564 0.310284
565 0.361062
566 0.333922
567 0.342152
568 0.322183
569 0.344464
570 0.342105
571 0.323993
572 0.356643
573 0.315881
574 0.341463
575 0.333913
576 0.328125
577 0.339688
578 0.325260
579 0.336788
580 0.374138
581 0.306368
582 0.340206
583 0.329331
584 0.323630
585 0.357265
586 0.358362
587 0.313458
588 0.312925
589 0.353141
590 0.344068
591 0.362098
592 0.332770
593 0.354132
594 0.358586
595 0.339496
596 0.337248
597 0.306533
598 0.331104
599 0.327212
600 0.318333
601 0.337770
602 0.317276
603 0.316750
604 0.327815
605 0.360331
606 0.308581
607 0.339374
608 0.333882
609 0.334975
610 0.336066
611 0.310966
612 0.308824
613 0.342577
614 0.332248
615 0.321951
616 0.327922
617 0.348460
618 0.317152
619 0.336026
620 0.345161
621 0.305958
622 0.360129
623 0.293740
624 0.323718
625 0.329600
626 0.341853
627 0.320574
628 0.320064
629 0.324324
630 0.311111
631 0.324881
632 0.356013
633 0.333333
634 0.329653
635 0.291339
636 0.355346
637 0.346939
638 0.333856
639 0.323944
640 0.329688
641 0.299532
642 0.350467
643 0.340591
644 0.335404
645 0.319380
646 0.321981
647 0.329212
648 0.319444
649 0.354391
650 0.350769
651 0.321045
652 0.334356
653 0.338438
654 0.374618
655 0.331298
656 0.312500
657 0.328767
658 0.351064
659 0.320182
660 0.348485
661 0.322239
662 0.336858
663 0.289593
664 0.311747
665 0.297744
666 0.318318
667 0.310345
668 0.330838
669 0.352765
670 0.370149
671 0.338301
672 0.328869
673 0.313522
674 0.310089
675 0.309630
676 0.323964
677 0.338257
678 0.324484
679 0.338733
680 0.335294
681 0.334802
682 0.331378
683 0.363104
684 0.337719
685 0.348905
686 0.325073
687 0.328967
688 0.338663
689 0.346880
690 0.317391
691 0.325615
692 0.289017
693 0.326118
694 0.334294
695 0.315108
696 0.311782
697 0.329986
698 0.330946
699 0.343348
700 0.305714
701 0.366619
702 0.330484
703 0.359886
704 0.367898
705 0.316312
706 0.335694
707 0.338048
708 0.340395
709 0.311707
710 0.333803
711 0.348805
712 0.341292
713 0.315568
714 0.326331
715 0.352448
716 0.335196
717 0.345886
718 0.320334
719 0.356050
720 0.337500
721 0.339806
722 0.304709
723 0.340249
724 0.342541
725 0.333793
726 0.293388
727 0.327373
728 0.376374
729 0.299040
730 0.324658
731 0.311902
732 0.330601
733 0.369714
734 0.318801
735 0.326531
736 0.312500
737 0.318860
738 0.349593
739 0.319350
740 0.344595
741 0.329285
742 0.331536
743 0.321669
744 0.345430
745 0.370470
746 0.320375
747 0.350736
748 0.306150
749 0.320427
750 0.333333
751 0.331558
752 0.323138
753 0.345286
754 0.328912
755 0.335099
756 0.318783
757 0.347424
758 0.312665
759 0.341238
760 0.317105
761 0.363995
762 0.350394
763 0.321101
764 0.354712
765 0.350327
766 0.336815
767 0.367666
768 0.325521
769 0.318596
770 0.338961
771 0.322957
772 0.358808
773 0.353169
774 0.313953
775 0.336774
776 0.346649
777 0.314028
778 0.330334
779 0.333761
780 0.351282
781 0.336748
782 0.360614
783 0.338442
784 0.316327
785 0.322293
786 0.339695
787 0.345616
788 0.335025
789 0.334601
790 0.349367
791 0.348925
792 0.330808
793 0.317781
794 0.335013
795 0.352201
796 0.314070
797 0.329987
798 0.324561
799 0.292866
800 0.352500
801 0.340824
802 0.345387
803 0.311333
804 0.335821
805 0.324224
806 0.327543
807 0.338290
808 0.326733
809 0.317676
810 0.335802
811 0.341554
812 0.328818
813 0.350554
814 0.310811
815 0.330061
816 0.337010
817 0.353733
818 0.337408
819 0.312576
820 0.325610
821 0.322777
822 0.324818
823 0.324423
824 0.321602
825 0.323636
826 0.329298
827 0.322854
828 0.341787
829 0.338963
830 0.327711
831 0.323706
832 0.359375
833 0.320528
834 0.360911
835 0.347305
836 0.320574
837 0.353644
838 0.342482
839 0.313468
840 0.352381
841 0.347206
842 0.324228
843 0.368921
844 0.332938
845 0.317160
846 0.353428
847 0.336482
848 0.318396
849 0.358068
850 0.312941
851 0.343126
852 0.347418
853 0.328253
854 0.330211
855 0.334503
856 0.336449
857 0.343057
858 0.361305
859 0.342258
860 0.356977
861 0.335656
862 0.357309
863 0.324450
864 0.350694
865 0.336416
866 0.345266
867 0.358708
868 0.338710
869 0.319908
870 0.326437
871 0.349024
872 0.363532
873 0.344788
874 0.300915
875 0.348571
876 0.313927
877 0.339795
878 0.362187
879 0.332196
880 0.329545
881 0.359818
882 0.331066
883 0.336353
884 0.314480
885 0.363842
886 0.319413
887 0.323563
888 0.325450
889 0.341957
890 0.308989
891 0.334456
892 0.332960
893 0.307951
894 0.347875
895 0.338547
896 0.311384
897 0.340022
898 0.338530
899 0.341491
900 0.366667
901 0.335183
902 0.324834
903 0.338870
904 0.311947
905 0.338122
906 0.346578
907 0.314223
908 0.337004
909 0.328933
910 0.351648
911 0.331504
912 0.333333
913 0.326396
914 0.329322
915 0.321311
916 0.318777
917 0.344602
918 0.334423
919 0.335147
920 0.341304
921 0.327904
922 0.362256
923 0.344529
924 0.329004
925 0.332973
926 0.341253
927 0.335491
928 0.368534
929 0.307858
930 0.351613
931 0.327605
932 0.345494
933 0.322615
934 0.321199
935 0.306952
936 0.303419
937 0.346852
938 0.333689
939 0.336528
940 0.335106
941 0.335813
942 0.342887
943 0.321315
944 0.331568
945 0.342857
946 0.332981
947 0.340021
948 0.336498
949 0.335090
950 0.328421
951 0.330179
952 0.324580
953 0.328437
954 0.313417
955 0.326702
956 0.326360
957 0.351097
958 0.346555
959 0.328467
960 0.339583
961 0.310094
962 0.288981
963 0.358255
964 0.311203
965 0.341969
966 0.346791
967 0.331954
968 0.315083
969 0.317853
970 0.346392
971 0.349125
972 0.330247
973 0.320658
974 0.335729
975 0.353846
976 0.330943
977 0.327533
978 0.332311
979 0.325843
980 0.320408
981 0.322120
982 0.341141
983 0.308240
984 0.320122
985 0.357360
986 0.332657
987 0.311044
988 0.328947
989 0.329626
990 0.323232
991 0.314834
992 0.340726
993 0.326284
994 0.301811
995 0.325628
996 0.327309
997 0.317954
998 0.329659
999 0.324324
1000 0.318000
1001 0.313686
1002 0.317365
1003 0.339980
1004 0.335657
1005 0.346269
1006 0.349901
1007 0.344588
1008 0.349206
1009 0.335976
1010 0.344554
1011 0.331355
1012 0.341897
1013 0.340573
1014 0.335306
1015 0.363547
1016 0.332677
1017 0.343166
1018 0.327112
1019 0.322866
1020 0.308824
1021 0.326151
1022 0.331703
1023 0.338221
1024 0.349609
1025 0.300488
1026 0.326511
1027 0.352483
1028 0.369650
1029 0.321672
1030 0.344660
1031 0.340446
1032 0.324612
1033 0.325266
1034 0.304642
1035 0.338164
1036 0.348456
1037 0.341369
1038 0.333333
1039 0.340712
1040 0.336538
1041 0.334294
1042 0.323417
1043 0.342282
1044 0.347701
1045 0.324402
1046 0.325048
1047 0.306590
1048 0.330153
1049 0.347950
1050 0.351429
1051 0.330162
1052 0.340304
1053 0.333333
1054 0.343454
1055 0.301422
1056 0.321023
1057 0.336802
1058 0.323251
1059 0.321058
1060 0.333962
1061 0.314797
1062 0.321092
1063 0.333960
1064 0.310150
1065 0.334272
1066 0.333021
1067 0.324274
1068 0.337079
1069 0.348924
1070 0.351402
1071 0.338936
1072 0.353545
1073 0.351351
1074 0.302607
1075 0.306977
1076 0.344796
1077 0.328691
1078 0.345083
1079 0.317887
1080 0.348148
1081 0.329325
1082 0.353974
1083 0.349954
1084 0.311808
1085 0.364055
1086 0.332413
1087 0.313707
1088 0.337316
1089 0.342516
1090 0.362385
1091 0.330889
1092 0.320513
1093 0.332113
1094 0.359232
1095 0.337900
1096 0.330292
1097 0.354603
1098 0.330601
1099 0.320291
1100 0.334545
1101 0.365123
1102 0.350272
1103 0.335449
1104 0.351449
1105 0.314932
1106 0.311935
1107 0.326107
1108 0.324910
1109 0.313796
1110 0.346847
1111 0.352835
1112 0.314748
1113 0.327942
1114 0.365350
1115 0.324664
1116 0.344982
1117 0.343778
1118 0.345259
1119 0.347632
1120 0.351786
1121 0.349688
1122 0.340463
1123 0.321460
1124 0.328292
1125 0.319111
1126 0.342806
1127 0.331854
1128 0.306738
1129 0.307352
1130 0.313274
1131 0.336870
1132 0.359541
1133 0.354810
1134 0.335097
1135 0.319824
1136 0.323063
1137 0.349164
1138 0.343585
1139 0.363477
1140 0.340351
1141 0.325153
1142 0.335377
1143 0.335958
1144 0.303322
1145 0.320524
1146 0.335951
1147 0.349608
1148 0.326655
1149 0.308964
1150 0.363478
1151 0.362294
1152 0.336806
1153 0.350390
1154 0.310225
1155 0.332468
1156 0.320069
1157 0.318064
1158 0.339378
1159 0.323555
1160 0.357759
1161 0.335056
1162 0.339071
1163 0.335340
1164 0.322165
1165 0.349356
1166 0.348199
1167 0.359040
1168 0.324486
1169 0.314799
1170 0.343590
1171 0.334757
1172 0.340444
1173 0.341006
1174 0.340716
1175 0.322553
1176 0.340136
1177 0.332201
1178 0.309847
1179 0.335030
1180 0.332203
1181 0.326842
1182 0.352792
1183 0.341505
1184 0.329392
1185 0.308861
1186 0.327150
1187 0.326032
1188 0.340909
1189 0.321278
1190 0.335294
1191 0.337531
1192 0.325503
1193 0.364627
1194 0.336683
1195 0.336402
1196 0.334448
1197 0.328321
1198 0.328047
1199 0.339450
1200 0.318333
1201 0.329725
1202 0.356905
1203 0.346633
1204 0.323920
1205 0.323651
1206 0.329187
1207 0.345485
1208 0.368377
1209 0.296940
1210 0.335537
1211 0.330306
1212 0.346535
1213 0.306678
1214 0.330313
1215 0.306996
1216 0.327303
1217 0.343468
1218 0.321018
1219 0.307629
1220 0.346721
1221 0.329238
1222 0.336334
1223 0.328700
1224 0.347222
1225 0.320816
1226 0.343393
1227 0.335778
1228 0.317590
1229 0.349878
1230 0.343089
1231 0.344435
1232 0.318994
1233 0.351176
1234 0.338736
1235 0.319028
1236 0.332524
1237 0.333872
1238 0.319063
1239 0.351897
1240 0.337097
1241 0.327961
1242 0.326892
1243 0.333065
1244 0.353698
1245 0.320482
1246 0.320225
1247 0.368083
1248 0.354167
1249 0.336269
1250 0.326400
1251 0.313349
1252 0.337061
1253 0.356744
1254 0.349282
1255 0.319522
1256 0.347930
1257 0.341289
1258 0.334658
1259 0.325655
1260 0.326984
1261 0.363997
1262 0.331220
1263 0.314331
1264 0.326741
1265 0.350198
1266 0.349131
1267 0.351223
1268 0.313880
1269 0.362490
1270 0.344094
1271 0.300551
1272 0.350629
1273 0.337785
1274 0.316327
1275 0.312941
1276 0.332288
1277 0.326547
1278 0.336463
1279 0.316654
1280 0.350781
1281 0.323966
1282 0.334633
1283 0.325799
1284 0.324766
1285 0.325292
1286 0.327372
1287 0.317793
1288 0.316770
1289 0.326610
1290 0.333333
1291 0.329202
1292 0.326625
1293 0.339520
1294 0.352396
1295 0.326641
1296 0.328704
1297 0.320740
1298 0.325116
1299 0.346420
1300 0.323846
1301 0.331284
1302 0.337174
1303 0.336915
1304 0.368865
1305 0.341762
1306 0.323890
1307 0.312165
1308 0.319572
1309 0.343774
1310 0.326718
1311 0.326468
1312 0.375762
1313 0.341203
1314 0.349315
1315 0.323194
1316 0.329787
1317 0.322703
1318 0.323217
1319 0.335861
1320 0.331061
1321 0.319455
1322 0.313918
1323 0.324263
1324 0.339879
1325 0.326792
1326 0.326546
1327 0.319518
1328 0.357681
1329 0.306998
1330 0.342857
1331 0.341097
1332 0.344595
1333 0.327082
1334 0.351574
1335 0.316854
1336 0.333084
1337 0.344054
1338 0.343049
1339 0.322629
1340 0.333582
1341 0.331842
1342 0.318927
1343 0.361132
1344 0.318452
1345 0.339033
1346 0.343982
1347 0.339272
1348 0.329377
1349 0.336546
1350 0.338519
1351 0.334567
1352 0.340237
1353 0.356984
1354 0.334564
1355 0.348339
1356 0.299410
1357 0.345615
1358 0.329897
1359 0.337013
1360 0.343382
1361 0.346804
1362 0.328194
1363 0.339692
1364 0.328446
1365 0.320879
1366 0.339678
1367 0.342356
1368 0.336257
1369 0.320672
1370 0.353285
1371 0.355215
1372 0.338192
1373 0.339403
1374 0.333333
1375 0.350545
1376 0.340843
1377 0.339869
1378 0.343977
1379 0.338651
1380 0.315217
1381 0.328023
1382 0.324168
1383 0.331164
1384 0.338873
1385 0.344404
1386 0.330447
1387 0.353280
1388 0.319885
1389 0.317495
1390 0.335252
1391 0.335730
1392 0.321121
1393 0.313711
1394 0.319943
1395 0.344086
1396 0.318052
1397 0.346457
1398 0.320458
1399 0.351680
1400 0.321429
1401 0.336188
1402 0.334522
1403 0.317177
1404 0.341880
1405 0.338790
1406 0.322902
1407 0.333333
1408 0.330256
1409 0.322924
1410 0.343972
1411 0.321758
1412 0.342776
1413 0.339703
1414 0.335926
1415 0.337102
1416 0.348164
1417 0.358504
1418 0.334979
1419 0.329810
1420 0.335915
1421 0.340605
1422 0.363572
1423 0.344343
1424 0.328652
1425 0.339649
1426 0.330295
1427 0.346882
1428 0.334734
1429 0.354094
1430 0.328671
1431 0.322851
1432 0.301676
1433 0.335659
1434 0.320084
1435 0.323345
1436 0.337047
1437 0.353514
1438 0.335188
1439 0.327311
1440 0.323611
1441 0.354615
1442 0.328710
1443 0.318087
1444 0.352493
1445 0.313495
1446 0.345090
1447 0.345543
1448 0.332873
1449 0.348516
1450 0.339310
1451 0.357684
1452 0.316116
1453 0.331727
1454 0.332875
1455 0.316151
1456 0.325549
1457 0.311599
1458 0.343621
1459 0.321453
1460 0.330822
1461 0.351129
1462 0.320109
1463 0.327409
1464 0.338115
1465 0.336519
1466 0.341064
1467 0.322427
1468 0.350817
1469 0.336964
1470 0.323810
1471 0.322230
1472 0.328804
1473 0.338086
1474 0.321574
1475 0.345085
1476 0.317073
1477 0.333785
1478 0.332882
1479 0.327248
1480 0.341216
1481 0.321404
1482 0.330634
1483 0.319622
1484 0.324124
1485 0.329293
1486 0.330417
1487 0.333557
1488 0.346774
1489 0.335796
1490 0.321477
1491 0.333333
1492 0.331769
1493 0.340255
1494 0.337349
1495 0.345151
1496 0.319519
1497 0.325985
1498 0.345127
1499 0.331554
1500 0.334000
1501 0.316456
1502 0.334221
1503 0.347305
1504 0.329787
1505 0.339535
1506 0.361886
1507 0.340411
1508 0.312334
1509 0.337972
1510 0.334437
1511 0.331568
1512 0.334656
1513 0.355585
1514 0.336856
1515 0.336634
1516 0.368734
1517 0.326302
1518 0.348485
1519 0.327847
1520 0.331579
1521 0.333991
1522 0.348883
1523 0.333552
1524 0.299869
1525 0.323279
1526 0.337484
1527 0.352325
1528 0.344895
1529 0.328973
1530 0.325490
1531 0.346832
1532 0.328329
1533 0.333333
1534 0.327249
1535 0.328339
1536 0.342448
1537 0.336370
1538 0.321196
1539 0.330084
1540 0.338312
1541 0.345230
1542 0.341115
1543 0.337654
1544 0.322539
1545 0.341100
1546 0.337646
1547 0.331610
1548 0.332041
1549 0.348612
1550 0.325161
1551 0.342360
1552 0.326675
1553 0.351578
1554 0.335264
1555 0.345338
1556 0.336118
1557 0.337829
1558 0.313864
1559 0.333547
1560 0.307051
1561 0.326714
1562 0.326504
1563 0.346769
1564 0.325448
1565 0.325240
1566 0.319285
1567 0.338226
1568 0.320791
1569 0.339069
1570 0.327389
1571 0.334182
1572 0.351145
1573 0.333121
1574 0.313850
1575 0.357460
1576 0.329949
1577 0.331642
1578 0.351077
1579 0.335022
1580 0.322152
1581 0.339026
1582 0.321113
1583 0.316488
1584 0.342803
1585 0.318612
1586 0.332282
1587 0.336484
1588 0.333753
1589 0.324103
1590 0.335849
1591 0.333124
1592 0.321608
1593 0.323917
1594 0.327478
1595 0.334169
1596 0.352130
1597 0.353788
1598 0.336045
1599 0.332083
1600 0.330625
1601 0.331043
1602 0.338327
1603 0.339988
1604 0.319202
1605 0.352025
1606 0.325031
1607 0.322340
1608 0.317786
1609 0.335612
1610 0.345342
1611 0.333954
1612 0.334988
1613 0.337260
1614 0.317844
1615 0.336842
1616 0.347772
1617 0.329623
1618 0.337454
1619 0.339098
1620 0.351852
1621 0.338680
1622 0.334772
1623 0.317930
1624 0.315271
1625 0.334769
1626 0.335793
1627 0.328211
1628 0.315111
1629 0.331492
1630 0.341718
1631 0.337216
1632 0.325980
1633 0.359461
1634 0.321297
1635 0.349235
1636 0.320905
1637 0.346365
1638 0.332723
1639 0.343502
1640 0.340244
1641 0.338208
1642 0.357491
1643 0.332319
1644 0.340633
1645 0.320973
1646 0.351154
1647 0.336369
1648 0.339199
1649 0.352941
1650 0.320000
1651 0.331314
1652 0.320218
1653 0.327889
1654 0.344015
1655 0.326284
1656 0.326087
1657 0.347013
1658 0.317853
1659 0.324292
1660 0.354217
1661 0.311860
1662 0.332130
1663 0.311485
1664 0.323317
1665 0.331532
1666 0.335534
1667 0.319136
1668 0.325540
1669 0.348113
1670 0.332335
1671 0.356673
1672 0.330742
1673 0.317992
1674 0.336918
1675 0.336119
1676 0.349045
1677 0.350030
1678 0.308701
1679 0.347230
1680 0.359524
1681 0.334920
1682 0.336504
1683 0.345217
1684 0.323040
1685 0.338279
1686 0.327995
1687 0.326023
1688 0.339455
1689 0.328005
1690 0.323077
1691 0.302188
1692 0.332151
1693 0.324276
1694 0.347107
1695 0.318584
1696 0.328420
1697 0.345315
1698 0.326266
1699 0.330194
1700 0.342941
1701 0.326279
1702 0.351939
1703 0.335878
1704 0.340376
1705 0.363050
1706 0.345838
1707 0.331576
1708 0.340164
1709 0.334699
1710 0.340936
1711 0.296902
1712 0.344626
1713 0.318155
1714 0.322054
1715 0.316618
1716 0.321678
1717 0.323821
1718 0.327707
1719 0.357184
1720 0.322093
1721 0.341662
1722 0.336818
1723 0.313407
1724 0.334107
1725 0.300290
1726 0.324450
1727 0.325420
1728 0.339120
1729 0.337767
1730 0.336994
1731 0.331023
1732 0.346998
1733 0.324293
1734 0.351788
1735 0.318732
1736 0.338134
1737 0.347150
1738 0.349827
1739 0.330650
1740 0.327586
1741 0.335439
1742 0.335247
1743 0.341939
1744 0.348050
1745 0.342693
1746 0.319015
1747 0.322839
1748 0.351831
1749 0.355060
1750 0.326286
1751 0.336950
1752 0.324772
1753 0.329150
1754 0.328392
1755 0.351567
1756 0.331435
1757 0.323278
1758 0.329920
1759 0.353610
1760 0.344886
1761 0.312323
1762 0.334279
1763 0.324447
1764 0.355442
1765 0.326912
1766 0.328426
1767 0.329938
1768 0.325792
1769 0.335218
1770 0.332768
1771 0.343309
1772 0.319977
1773 0.335025
1774 0.331454
1775 0.327887
1776 0.331644
1777 0.354530
1778 0.344207
1779 0.318718
1780 0.343258
1781 0.333520
1782 0.346801
1783 0.332025
1784 0.344170
1785 0.344538
1786 0.332027
1787 0.320649
1788 0.327740
1789 0.334824
1790 0.327374
1791 0.309324
1792 0.324219
1793 0.330731
1794 0.316054
1795 0.322006
1796 0.322383
1797 0.340011
1798 0.326474
1799 0.340189
1800 0.326667
1801 0.335369
1802 0.355161
1803 0.338325
1804 0.348115
1805 0.330748
1806 0.346622
1807 0.342557
1808 0.319690
1809 0.315644
1810 0.335359
1811 0.335726
1812 0.337196
1813 0.332046
1814 0.345094
1815 0.343802
1816 0.328194
1817 0.320308
1818 0.328933
1819 0.347444
1820 0.329670
1821 0.332784
1822 0.324369
1823 0.344487
1824 0.339364
1825 0.330959
1826 0.336802
1827 0.333881
1828 0.332057
1829 0.320394
1830 0.333333
1831 0.326597
1832 0.348799
1833 0.344244
1834 0.320065
1835 0.362398
1836 0.332244
1837 0.334241
1838 0.318281
1839 0.312670
1840 0.323913
1841 0.336230
1842 0.334419
1843 0.327727
1844 0.327007
1845 0.321951
1846 0.338570
1847 0.323768
1848 0.348485
1849 0.338561
1850 0.339459
1851 0.330632
1852 0.307235
1853 0.322720
1854 0.319849
1855 0.327224
1856 0.330819
1857 0.338718
1858 0.335307
1859 0.332437
1860 0.354839
1861 0.320258
1862 0.336198
1863 0.326355
1864 0.328863
1865 0.328686
1866 0.355305
1867 0.322978
1868 0.330835
1869 0.324773
1870 0.316043
1871 0.348477
1872 0.344551
1873 0.341164
1874 0.338314
1875 0.319467
1876 0.333689
1877 0.352690
1878 0.324814
1879 0.323576
1880 0.326064
1881 0.347687
1882 0.314559
1883 0.318640
1884 0.334395
1885 0.321485
1886 0.334040
1887 0.340753
1888 0.340042
1889 0.338274
1890 0.346032
1891 0.328926
1892 0.337209
1893 0.311675
1894 0.332101
1895 0.330343
1896 0.337553
1897 0.327359
1898 0.327713
1899 0.337019
1900 0.304211
1901 0.331405
1902 0.336488
1903 0.333158
1904 0.342962
1905 0.341732
1906 0.356768
1907 0.326691
1908 0.319182
1909 0.315348
1910 0.324084
1911 0.333857
1912 0.329498
1913 0.353372
1914 0.336991
1915 0.340470
1916 0.313674
1917 0.328117
1918 0.320647
1919 0.332986
1920 0.322917
1921 0.333160
1922 0.315817
1923 0.321893
1924 0.340956
1925 0.328312
1926 0.334372
1927 0.331085
1928 0.324689
1929 0.340591
1930 0.338342
1931 0.327292
1932 0.334369
1933 0.341956
1934 0.350052
1935 0.363307
1936 0.350207
1937 0.324213
1938 0.342105
1939 0.324910
1940 0.347423
1941 0.337970
1942 0.340886
1943 0.353577
1944 0.327160
1945 0.342416
1946 0.335560
1947 0.340010
1948 0.322382
1949 0.332991
1950 0.322051
1951 0.334188
1952 0.343750
1953 0.332309
1954 0.351075
1955 0.362660
1956 0.338446
1957 0.333163
1958 0.345761
1959 0.328229
1960 0.329082
1961 0.328914
1962 0.341998
1963 0.328579
1964 0.352342
1965 0.342494
1966 0.319939
1967 0.351805
1968 0.354167
1969 0.321483
1970 0.336548
1971 0.321157
1972 0.308316
1973 0.350735
1974 0.329787
1975 0.347848
1976 0.341093
1977 0.337886
1978 0.322042
1979 0.333502
1980 0.335354
1981 0.336699
1982 0.324924
1983 0.310640
1984 0.328125
1985 0.340050
1986 0.330816
1987 0.322597
1988 0.335010
1989 0.336350
1990 0.324121
1991 0.323456
1992 0.334839
1993 0.356247
1994 0.316951
1995 0.334837
1996 0.335170
1997 0.323485
1998 0.335836
1999 0.322161
2000 0.314000
2001 0.345827
2002 0.319181
2003 0.307539
2004 0.352794
2005 0.328678
2006 0.329511
2007 0.323866
2008 0.335159
2009 0.340966
2010 0.328358
2011 0.333168
2012 0.323062
2013 0.327869
2014 0.324727
2015 0.323573
2016 0.340278
2017 0.311849
2018 0.327552
2019 0.323427
2020 0.326238
2021 0.309253
2022 0.351137
2023 0.333663
2024 0.331522
2025 0.345679
2026 0.315400
2027 0.341391
2028 0.341223
2029 0.332676
2030 0.329557
2031 0.336780
2032 0.326280
2033 0.324643
2034 0.327925
2035 0.350860
2036 0.332024
2037 0.321551
2038 0.331698
2039 0.341344
2040 0.343627
2041 0.332190
2042 0.309011
2043 0.328928
2044 0.349315
2045 0.336919
2046 0.337732
2047 0.329751
2048 0.322754
2049 0.334309
2050 0.335610
2051 0.343247
2052 0.323099
2053 0.323916
2054 0.345180
2055 0.353285
2056 0.321498
2057 0.346621
2058 0.324587
2059 0.329772
2060 0.335922
2061 0.327511
2062 0.322987
2063 0.321861
2064 0.338663
2065 0.354479
2066 0.323330
2067 0.331882
2068 0.332205
2069 0.315611
2070 0.336232
2071 0.335587
2072 0.326255
2073 0.334781
2074 0.321119
2075 0.322892
2076 0.323218
2077 0.331247
2078 0.339750
2079 0.325156
2080 0.325481
2081 0.321000
2082 0.340538
2083 0.338454
2084 0.329175
2085 0.333813
2086 0.336529
2087 0.336847
2088 0.351533
2089 0.338439
2090 0.340191
2091 0.334290
2092 0.339388
2093 0.329670
2094 0.350525
2095 0.350358
2096 0.342080
2097 0.352885
2098 0.309819
2099 0.330157
2100 0.327143
2101 0.325559
2102 0.324453
2103 0.318117
2104 0.329848
2105 0.322565
2106 0.325261
2107 0.353109
2108 0.321157
2109 0.339497
2110 0.350237
2111 0.340123
2112 0.318182
2113 0.340748
2114 0.337275
2115 0.326714
2116 0.339319
2117 0.358999
2118 0.339471
2119 0.327041
2120 0.344811
2121 0.339934
2122 0.345429
2123 0.326896
2124 0.310264
2125 0.320471
2126 0.338664
2127 0.311707
2128 0.324248
2129 0.341945
2130 0.333333
2131 0.343970
2132 0.332083
2133 0.338022
2134 0.328960
2135 0.318970
2136 0.338483
2137 0.334581
2138 0.346118
2139 0.332398
2140 0.336916
2141 0.341896
2142 0.352007
2143 0.335044
2144 0.330690
2145 0.338462
2146 0.350419
2147 0.329297
2148 0.320764
2149 0.335040
2150 0.349302
2151 0.342631
2152 0.342937
2153 0.329308
2154 0.336583
2155 0.318794
2156 0.331633
2157 0.348632
2158 0.332715
2159 0.332098
2160 0.344907
2161 0.344748
2162 0.337650
2163 0.332409
2164 0.335952
2165 0.300231
2166 0.343490
2167 0.330872
2168 0.344557
2169 0.340249
2170 0.341475
2171 0.332105
2172 0.323665
2173 0.335941
2174 0.334867
2175 0.321379
2176 0.331801
2177 0.354616
2178 0.339761
2179 0.348784
2180 0.347706
2181 0.333792
2182 0.335930
2183 0.336693
2184 0.325549
2185 0.343249
2186 0.344465
2187 0.325103
2188 0.346435
2189 0.332115
2190 0.323744
2191 0.340027
2192 0.332573
2193 0.334245
2194 0.311304
2195 0.325285
2196 0.322860
2197 0.332726
2198 0.320291
2199 0.342428
2200 0.345455
2201 0.331213
2202 0.351499
2203 0.337267
2204 0.331670
2205 0.356916
2206 0.321850
2207 0.332578
2208 0.328804
2209 0.332277
2210 0.337104
2211 0.317051
2212 0.331826
2213 0.327610
2214 0.319332
2215 0.326862
2216 0.330776
2217 0.318448
2218 0.362940
2219 0.305092
2220 0.325676
2221 0.342188
2222 0.337984
2223 0.324786
2224 0.323741
2225 0.329888
2226 0.335580
2227 0.340368
2228 0.343806
2229 0.324809
2230 0.328700
2231 0.347378
2232 0.354839
2233 0.324675
2234 0.340197
2235 0.327517
2236 0.343023
2237 0.337953
2238 0.329759
2239 0.325145
2240 0.330357
2241 0.334226
2242 0.333185
2243 0.324119
2244 0.325758
2245 0.312249
2246 0.342832
2247 0.327103
2248 0.332295
2249 0.338373
2250 0.317333
2251 0.319414
2252 0.348135
2253 0.332002
2254 0.330080
2255 0.323725
2256 0.346631
2257 0.330084
2258 0.344110
2259 0.345728
2260 0.336283
2261 0.343653
2262 0.336870
2263 0.327000
2264 0.319788
2265 0.339073
2266 0.330538
2267 0.324217
2268 0.324074
2269 0.327016
2270 0.340529
2271 0.328490
2272 0.336268
2273 0.337000
2274 0.346526
2275 0.342857
2276 0.331283
2277 0.337725
2278 0.342406
2279 0.322510
2280 0.332018
2281 0.338886
2282 0.327344
2283 0.309242
2284 0.322680
2285 0.330416
2286 0.339458
2287 0.331439
2288 0.315997
2289 0.330712
2290 0.336681
2291 0.331296
2292 0.339005
2293 0.341910
2294 0.330427
2295 0.338126
2296 0.338415
2297 0.352634
2298 0.328982
2299 0.351457
2300 0.335217
2301 0.347240
2302 0.325369
2303 0.325228
2304 0.337240
2305 0.334056
2306 0.328708
2307 0.321196
2308 0.328423
2309 0.328281
2310 0.328571
2311 0.334487
2312 0.335208
2313 0.324687
2314 0.331461
2315 0.331749
2316 0.328584
2317 0.322400
2318 0.324849
2319 0.336783
2320 0.320690
2321 0.318828
2322 0.329888
2323 0.333620
2324 0.330034
2325 0.332473
2326 0.326741
2327 0.336914
2328 0.332904
2329 0.339631
2330 0.333476
2331 0.341484
2332 0.336621
2333 0.341620
2334 0.345330
2335 0.333619
2336 0.357449
2337 0.338040
2338 0.328058
2339 0.330483
2340 0.327778
2341 0.329774
2342 0.334757
2343 0.317968
2344 0.327218
2345 0.324947
2346 0.342285
2347 0.308479
2348 0.337734
2349 0.327799
2350 0.320000
2351 0.341982
2352 0.343537
2353 0.337867
2354 0.338148
2355 0.326539
2356 0.312818
2357 0.341112
2358 0.349873
2359 0.326409
2360 0.334322
2361 0.327404
2362 0.338273
2363 0.327973
2364 0.338409
2365 0.328118
2366 0.356298
2367 0.351500
2368 0.326014
2369 0.326298
2370 0.333755
2371 0.324757
2372 0.342749
2373 0.330383
2374 0.322662
2375 0.332211
2376 0.343855
2377 0.336979
2378 0.330950
2379 0.329550
2380 0.333613
2381 0.328433
2382 0.340050
2383 0.329836
2384 0.340185
2385 0.335849
2386 0.324392
2387 0.335987
2388 0.335427
2389 0.326915
2390 0.320502
2391 0.313676
2392 0.310619
2393 0.340995
2394 0.319549
2395 0.322756
2396 0.332220
2397 0.332082
2398 0.325271
2399 0.349729
2400 0.322917
2401 0.334027
2402 0.354288
2403 0.352476
2404 0.345258
2405 0.334719
2406 0.349127
2407 0.318238
2408 0.316030
2409 0.346617
2410 0.327386
2411 0.327665
2412 0.330017
2413 0.346871
2414 0.325601
2415 0.330849
2416 0.346026
2417 0.328506
2418 0.332093
2419 0.332369
2420 0.331818
2421 0.321768
2422 0.330306
2423 0.325217
2424 0.337871
2425 0.328247
2426 0.330173
2427 0.323857
2428 0.332372
2429 0.319885
2430 0.310700
2431 0.315919
2432 0.337993
2433 0.352240
2434 0.350452
2435 0.327721
2436 0.324302
2437 0.350021
2438 0.342494
2439 0.325543
2440 0.320082
2441 0.340025
2442 0.330057
2443 0.324601
2444 0.326923
2445 0.306748
2446 0.335241
2447 0.324888
2448 0.335376
2449 0.326256
2450 0.340000
2451 0.327621
2452 0.330750
2453 0.321239
2454 0.343521
2455 0.325051
2456 0.325326
2457 0.345543
2458 0.338080
2459 0.338756
2460 0.334959
2461 0.331979
2462 0.347279
2463 0.337799
2464 0.317370
2465 0.334280
2466 0.321979
2467 0.342521
2468 0.339141
2469 0.330093
2470 0.327126
2471 0.333064
2472 0.331715
2473 0.340882
2474 0.347211
2475 0.343434
2476 0.348950
2477 0.326201
2478 0.316788
2479 0.336829
2480 0.339113
2481 0.330512
2482 0.321918
2483 0.329440
2484 0.323269
2485 0.321529
2486 0.333870
2487 0.338561
2488 0.343650
2489 0.340699
2490 0.341365
2491 0.335608
2492 0.343900
2493 0.337746
2494 0.337209
2495 0.335471
2496 0.320913
2497 0.339207
2498 0.335869
2499 0.350940
2500 0.343200
2501 0.331867
2502 0.340927
2503 0.308030
2504 0.326278
2505 0.341717
2506 0.325619
2507 0.348624
2508 0.330542
2509 0.322041
2510 0.334661
2511 0.345281
2512 0.343153
2513 0.322324
2514 0.337311
2515 0.331610
2516 0.331876
2517 0.339690
2518 0.318110
2519 0.314807
2520 0.338095
2521 0.342721
2522 0.342189
2523 0.337297
2524 0.327655
2525 0.350099
2526 0.330166
2527 0.326870
2528 0.331092
2529 0.344405
2530 0.343478
2531 0.332675
2532 0.329384
2533 0.333202
2534 0.331097
2535 0.334122
2536 0.327681
2537 0.340560
2538 0.334909
2539 0.345018
2540 0.326772
2541 0.334908
2542 0.330055
2543 0.334251
2544 0.327044
2545 0.326130
2546 0.320896
2547 0.347468
2548 0.337912
2549 0.330718
2550 0.324314
2551 0.332419
2552 0.346395
2553 0.330983
2554 0.326938
2555 0.347162
2556 0.334507
2557 0.342198
2558 0.324081
2559 0.320047
2560 0.315625
2561 0.332683
2562 0.344653
2563 0.325790
2564 0.343214
2565 0.329435
2566 0.342946
2567 0.324503
2568 0.350467
2569 0.340599
2570 0.336576
2571 0.360949
2572 0.321540
2573 0.324524
2574 0.338772
2575 0.345631
2576 0.331910
2577 0.352736
2578 0.343289
2579 0.336177
2580 0.334496
2581 0.341341
2582 0.331913
2583 0.342238
2584 0.341718
2585 0.332302
2586 0.344934
2587 0.339389
2588 0.326507
2589 0.333720
2590 0.351737
2591 0.348900
2592 0.346451
2593 0.321635
2594 0.336160
2595 0.339499
2596 0.328582
2597 0.322680
2598 0.335643
2599 0.336668
2600 0.328077
2601 0.331795
2602 0.320907
2603 0.324241
2604 0.326421
2605 0.328983
2606 0.327705
2607 0.328347
2608 0.342408
2609 0.328095
2610 0.318774
2611 0.322865
2612 0.334992
2613 0.336012
2614 0.325555
2615 0.320076
2616 0.348242
2617 0.333588
2618 0.354087
2619 0.330279
2620 0.320992
2621 0.347959
2622 0.326850
2623 0.327488
2624 0.346037
2625 0.347048
2626 0.325209
2627 0.342596
2628 0.345129
2629 0.335489
2630 0.333840
2631 0.349297
2632 0.335486
2633 0.342195
2634 0.349658
2635 0.329791
2636 0.321700
2637 0.322336
2638 0.328279
2639 0.345585
2640 0.356061
2641 0.324498
2642 0.334974
2643 0.335603
2644 0.322617
2645 0.339130
2646 0.327664
2647 0.323385
2648 0.344033
2649 0.331823
2650 0.341509
2651 0.336854
2652 0.335219
2653 0.327554
2654 0.336473
2655 0.342373
2656 0.321160
2657 0.333835
2658 0.342363
2659 0.335464
2660 0.344737
2661 0.325066
2662 0.327573
2663 0.327450
2664 0.324700
2665 0.323077
2666 0.339085
2667 0.336708
2668 0.334708
2669 0.343949
2670 0.332584
2671 0.339948
2672 0.331587
2673 0.340441
2674 0.347794
2675 0.321121
2676 0.338191
2677 0.351139
2678 0.322629
2679 0.340426
2680 0.332836
2681 0.347631
2682 0.347129
2683 0.340291
2684 0.340909
2685 0.336313
2686 0.342517
2687 0.350205
2688 0.323661
2689 0.346225
2690 0.316729
2691 0.332590
2692 0.325780
2693 0.333457
2694 0.322940
2695 0.325046
2696 0.331602
2697 0.330738
2698 0.329874
2699 0.328640
2700 0.332593
2701 0.332469
2702 0.337158
2703 0.339253
2704 0.326183
2705 0.314603
2706 0.339985
2707 0.332471
2708 0.334564
2709 0.336286
2710 0.335055
2711 0.325341
2712 0.335914
2713 0.333210
2714 0.349668
2715 0.328177
2716 0.330633
2717 0.334560
2718 0.330758
2719 0.350129
2720 0.344853
2721 0.321940
2722 0.338722
2723 0.339699
2724 0.335169
2725 0.333578
2726 0.340792
2727 0.329666
2728 0.326613
2729 0.334555
2730 0.333700
2731 0.332479
2732 0.327599
2733 0.336992
2734 0.339064
2735 0.320293
2736 0.338450
2737 0.318232
2738 0.336742
2739 0.334429
2740 0.337956
2741 0.339292
2742 0.322757
2743 0.324827
2744 0.342566
2745 0.326776
2746 0.336854
2747 0.343284
2748 0.341339
2749 0.327756
2750 0.324364
2751 0.339149
2752 0.321948
2753 0.330548
2754 0.341685
2755 0.332123
2756 0.333454
2757 0.337323
2758 0.317259
2759 0.329467
2760 0.328986
2761 0.337559
2762 0.346488
2763 0.346001
2764 0.320550
2765 0.327667
2766 0.340202
2767 0.333574
2768 0.313223
2769 0.335139
2770 0.334657
2771 0.332371
2772 0.331890
2773 0.341868
2774 0.339221
2775 0.333333
2776 0.335735
2777 0.333093
2778 0.307415
2779 0.331054
2780 0.339928
2781 0.334412
2782 0.342200
2783 0.336328
2784 0.327227
2785 0.349013
2786 0.323403
2787 0.336921
2788 0.362984
2789 0.336680
2790 0.327957
2791 0.338588
2792 0.316261
2793 0.329395
2794 0.318182
2795 0.318784
2796 0.347639
2797 0.327494
2798 0.330593
2799 0.340479
2800 0.322143
2801 0.333095
2802 0.325125
2803 0.326079
2804 0.349144
2805 0.342246
2806 0.339273
2807 0.324902
2808 0.346510
2809 0.332503
2810 0.341993
2811 0.335112
2812 0.347084
2813 0.332741
2814 0.320540
2815 0.340675
2816 0.331321
2817 0.345758
2818 0.341377
2819 0.354736
2820 0.325532
2821 0.320808
2822 0.335932
2823 0.325894
2824 0.324717
2825 0.329912
2826 0.327672
2827 0.326495
2828 0.321075
2829 0.329799
2830 0.328269
2831 0.332391
2832 0.323446
2833 0.349100
2834 0.339097
2835 0.331922
2836 0.331805
2837 0.340853
2838 0.328048
2839 0.332159
2840 0.340493
2841 0.328054
2842 0.344828
2843 0.342948
2844 0.328411
2845 0.342004
2846 0.344694
2847 0.333333
2848 0.333216
2849 0.330993
2850 0.345263
2851 0.341985
2852 0.316971
2853 0.347003
2854 0.330764
2855 0.328897
2856 0.343487
2857 0.334267
2858 0.328202
2859 0.329486
2860 0.323427
2861 0.342887
2862 0.341370
2863 0.332169
2864 0.338687
2865 0.331937
2866 0.336008
2867 0.344960
2868 0.326709
2869 0.333217
2870 0.339721
2871 0.328109
2872 0.326253
2873 0.328228
2874 0.324983
2875 0.342957
2876 0.331363
2877 0.328815
2878 0.329743
2879 0.341091
2880 0.334375
2881 0.337036
2882 0.336225
2883 0.311134
2884 0.326976
2885 0.335875
2886 0.336452
2887 0.319709
2888 0.344529
2889 0.321565
2890 0.333564
2891 0.334832
2892 0.330913
2893 0.345316
2894 0.341050
2895 0.329188
2896 0.332182
2897 0.319296
2898 0.335404
2899 0.333908
2900 0.335517
2901 0.329886
2902 0.343901
2903 0.341715
2904 0.340565
2905 0.317040
2906 0.331383
2907 0.347093
2908 0.331155
2909 0.340323
2910 0.343299
2911 0.327035
2912 0.328984
2913 0.352558
2914 0.307138
2915 0.333105
2916 0.326475
2917 0.333905
2918 0.332077
2919 0.334704
2920 0.350000
2921 0.320781
2922 0.329911
2923 0.341772
2924 0.326607
2925 0.327863
2926 0.336979
2927 0.347455
2928 0.329577
2929 0.330488
2930 0.340273
2931 0.338451
2932 0.344475
2933 0.335493
2934 0.340832
2935 0.330153
2936 0.327997
2937 0.323459
2938 0.346494
2939 0.309969
2940 0.337415
2941 0.332540
2942 0.345003
2943 0.339450
2944 0.336617
2945 0.325297
2946 0.341141
2947 0.314897
2948 0.344980
2949 0.340115
2950 0.329492
2951 0.331413
2952 0.324187
2953 0.332205
2954 0.334800
2955 0.339086
2956 0.333221
2957 0.317890
2958 0.331981
2959 0.347077
2960 0.335811
2961 0.319487
2962 0.333558
2963 0.342896
2964 0.317476
2965 0.318718
2966 0.340189
2967 0.316818
2968 0.324124
2969 0.332772
2970 0.334007
2971 0.342982
2972 0.350269
2973 0.322570
2974 0.351042
2975 0.332437
2976 0.321237
2977 0.327175
2978 0.336467
2979 0.335683
2980 0.322483
2981 0.329084
2982 0.347418
2983 0.333892
2984 0.338472
2985 0.334338
2986 0.335566
2987 0.335119
2988 0.331325
2989 0.333222
2990 0.316054
2991 0.342360
2992 0.330548
2993 0.322419
2994 0.343687
2995 0.321870
2996 0.342123
2997 0.333667
2998 0.333556
2999 0.326109
3000 0.324667
3001 0.332556
3002 0.333777
3003 0.329004
3004 0.338549
3005 0.325790
3006 0.342315
3007 0.340871
3008 0.341090
3009 0.335992
3010 0.336213
3011 0.334773
3012 0.337649
3013 0.329904
3014 0.322827
3015 0.331343
3016 0.323939
3017 0.322506
3018 0.333333
3019 0.326598
3020 0.318543
3021 0.328368
3022 0.336532
3023 0.349653
3024 0.331019
3025 0.333223
3026 0.330469
3027 0.341923
3028 0.328600
3029 0.339056
3030 0.337624
3031 0.338172
3032 0.333773
3033 0.337290
3034 0.336519
3035 0.338056
3036 0.337615
3037 0.333553
3038 0.337393
3039 0.319184
3040 0.316776
3041 0.329497
3042 0.336621
3043 0.331252
3044 0.339356
3045 0.342200
3046 0.322718
3047 0.329504
3048 0.346129
3049 0.322729
3050 0.323934
3051 0.324812
3052 0.318807
3053 0.319686
3054 0.345776
3055 0.327987
3056 0.328207
3057 0.325810
3058 0.332243
3059 0.318732
3060 0.333660
3061 0.347926
3062 0.328543
3063 0.328436
3064 0.334204
3065 0.339315
3066 0.340835
3067 0.332246
3068 0.347458
3069 0.329423
3070 0.324104
3071 0.331814
3072 0.327799
3073 0.336479
3074 0.345153
3075 0.323577
3076 0.335826
3077 0.335392
3078 0.340156
3079 0.320883
3080 0.322403
3081 0.332360
3082 0.341986
3083 0.320143
3084 0.342412
3085 0.335494
3086 0.326312
3087 0.335277
3088 0.335816
3089 0.321463
3090 0.329126
3091 0.329990
3092 0.321475
3093 0.332687
3094 0.333872
3095 0.332149
3096 0.321705
3097 0.347756
3098 0.329245
3099 0.334624
3100 0.327742
3101 0.335053
3102 0.337847
3103 0.328392
3104 0.332796
3105 0.332689
3106 0.331294
3107 0.340843
3108 0.333655
3109 0.327758
3110 0.330225
3111 0.334941
3112 0.332584
3113 0.355606
3114 0.338471
3115 0.351846
3116 0.327343
3117 0.351941
3118 0.333226
3119 0.336967
3120 0.356410
3121 0.340916
3122 0.319347
3123 0.337496
3124 0.327465
3125 0.342400
3126 0.329175
3127 0.316597
3128 0.329923
3129 0.331735
3130 0.326198
3131 0.333759
3132 0.333333
3133 0.330035
3134 0.354180
3135 0.332057
3136 0.338329
3137 0.336309
3138 0.334289
3139 0.332271
3140 0.344586
3141 0.342248
3142 0.328771
3143 0.314668
3144 0.340649
3145 0.340541
3146 0.326446
3147 0.336511
3148 0.328463
3149 0.320419
3150 0.332698
3151 0.335132
3152 0.335343
3153 0.326990
3154 0.330057
3155 0.356894
3156 0.345374
3157 0.337979
3158 0.326472
3159 0.324786
3160 0.342722
3161 0.336919
3162 0.327957
3163 0.336390
3164 0.335335
3165 0.315324
3166 0.313329
3167 0.321124
3168 0.339015
3169 0.334175
3170 0.331861
3171 0.330810
3172 0.340164
3173 0.335960
3174 0.322936
3175 0.319370
3176 0.328715
3177 0.347183
3178 0.339836
3179 0.333438
3180 0.338050
3181 0.339830
3182 0.342238
3183 0.329877
3184 0.331972
3185 0.330926
3186 0.339297
3187 0.325698
3188 0.346612
3189 0.319222
3190 0.328840
3191 0.337198
3192 0.327694
3193 0.334482
3194 0.335316
3195 0.317684
3196 0.352003
3197 0.329371
3198 0.327079
3199 0.328228
3200 0.333125
3201 0.342393
3202 0.341349
3203 0.315954
3204 0.340512
3205 0.332293
3206 0.322208
3207 0.349548
3208 0.336970
3209 0.331256
3210 0.324922
3211 0.341327
3212 0.321606
3213 0.331777
3214 0.331985
3215 0.339658
3216 0.330535
3217 0.332919
3218 0.333126
3219 0.335819
3220 0.334472
3221 0.324433
3222 0.318746
3223 0.329507
3224 0.328474
3225 0.343566
3226 0.338190
3227 0.325689
3228 0.318463
3229 0.338805
3230 0.332198
3231 0.339214
3232 0.349629
3233 0.339623
3234 0.327149
3235 0.327975
3236 0.316749
3237 0.328699
3238 0.328598
3239 0.328805
3240 0.336728
3241 0.333539
3242 0.338988
3243 0.331483
3244 0.325524
3245 0.325116
3246 0.337338
3247 0.340622
3248 0.319273
3249 0.351801
3250 0.336615
3251 0.336819
3252 0.322878
3253 0.343375
3254 0.328211
3255 0.334255
3256 0.338145
3257 0.320540
3258 0.341007
3259 0.328322
3260 0.330982
3261 0.327507
3262 0.336603
3263 0.327613
3264 0.338235
3265 0.348239
3266 0.334966
3267 0.343128
3268 0.334149
3269 0.336800
3270 0.338226
3271 0.348823
3272 0.335575
3273 0.341583
3274 0.338424
3275 0.330687
3276 0.345238
3277 0.335673
3278 0.324283
3279 0.325404
3280 0.325915
3281 0.323987
3282 0.326325
3283 0.341761
3284 0.331303
3285 0.329985
3286 0.322581
3287 0.328567
3288 0.352190
3289 0.347218
3290 0.321277
3291 0.323306
3292 0.326549
3293 0.345885
3294 0.329083
3295 0.342337
3296 0.333131
3297 0.326661
3298 0.335052
3299 0.331616
3300 0.341818
3301 0.335656
3302 0.330103
3303 0.321526
3304 0.330508
3305 0.317095
3306 0.340895
3307 0.337164
3308 0.327086
3309 0.335147
3310 0.333535
3311 0.326789
3312 0.340580
3313 0.342892
3314 0.334339
3315 0.329110
3316 0.333233
3317 0.342780
3318 0.335744
3319 0.340765
3320 0.339458
3321 0.332731
3322 0.321493
3323 0.331327
3324 0.336943
3325 0.341353
3326 0.345761
3327 0.338744
3328 0.334435
3329 0.322319
3330 0.333033
3331 0.341339
3332 0.325630
3333 0.323732
3334 0.332334
3335 0.340930
3336 0.327938
3337 0.331735
3338 0.330737
3339 0.335130
3340 0.332036
3341 0.329542
3342 0.327648
3343 0.342208
3344 0.334031
3345 0.325561
3346 0.341303
3347 0.327756
3348 0.321685
3349 0.339504
3350 0.333731
3351 0.345867
3352 0.354415
3353 0.347152
3354 0.340489
3355 0.350224
3356 0.326877
3357 0.339589
3358 0.326087
3359 0.323013
3360 0.345536
3361 0.333829
3362 0.337894
3363 0.326494
3364 0.328181
3365 0.337593
3366 0.329174
3367 0.332640
3368 0.325416
3369 0.331849
3370 0.344807
3371 0.325423
3372 0.343713
3373 0.331456
3374 0.329579
3375 0.333926
3376 0.316647
3377 0.339651
3378 0.328893
3379 0.343889
3380 0.326627
3381 0.337770
3382 0.319042
3383 0.325155
3384 0.339835
3385 0.326736
3386 0.336976
3387 0.334514
3388 0.335301
3389 0.339628
3390 0.340708
3391 0.326747
3392 0.325472
3393 0.331860
3394 0.334708
3395 0.334610
3396 0.339517
3397 0.335885
3398 0.343437
3399 0.323919
3400 0.327647
3401 0.340488
3402 0.322163
3403 0.324126
3404 0.317568
3405 0.331865
3406 0.334410
3407 0.356912
3408 0.334800
3409 0.339982
3410 0.321994
3411 0.332454
3412 0.333822
3413 0.326692
3414 0.339777
3415 0.338214
3416 0.331967
3417 0.336845
3418 0.346694
3419 0.337233
3420 0.323099
3421 0.317159
3422 0.324956
3423 0.335963
3424 0.345210
3425 0.338102
3426 0.325744
3427 0.341990
3428 0.315928
3429 0.337708
3430 0.326239
3431 0.326435
3432 0.337121
3433 0.331488
3434 0.339255
3435 0.330131
3436 0.323632
3437 0.322374
3438 0.330716
3439 0.335853
3440 0.346221
3441 0.331299
3442 0.337304
3443 0.329073
3444 0.328978
3445 0.326560
3446 0.342136
3447 0.326371
3448 0.336717
3449 0.329081
3450 0.330725
3451 0.332947
3452 0.327346
3453 0.321749
3454 0.330342
3455 0.333140
3456 0.327257
3457 0.338444
3458 0.324176
3459 0.337381
3460 0.332659
3461 0.320428
3462 0.340843
3463 0.335836
3464 0.328522
3465 0.339683
3466 0.324870
3467 0.322757
3468 0.314014
3469 0.324589
3470 0.329395
3471 0.337655
3472 0.315956
3473 0.340628
3474 0.336788
3475 0.326043
3476 0.337457
3477 0.314351
3478 0.342726
3479 0.336878
3480 0.331034
3481 0.328641
3482 0.333142
3483 0.338214
3484 0.331803
3485 0.330846
3486 0.332760
3487 0.328649
3488 0.339736
3489 0.319003
3490 0.342980
3491 0.335148
3492 0.335624
3493 0.345835
3494 0.324556
3495 0.331903
3496 0.322654
3497 0.332571
3498 0.328188
3499 0.338097
3500 0.324000
3501 0.339903
3502 0.321531
3503 0.328290
3504 0.339612
3505 0.330385
3506 0.327153
3507 0.328771
3508 0.324116
3509 0.343403
3510 0.327066
3511 0.336087
3512 0.332574
3513 0.338457
3514 0.333808
3515 0.330299
3516 0.336177
3517 0.341769
3518 0.327743
3519 0.335607
3520 0.331250
3521 0.331724
3522 0.324532
3523 0.346580
3524 0.339671
3525 0.333333
3526 0.341463
3527 0.322937
3528 0.332766
3529 0.333239
3530 0.326346
3531 0.338148
3532 0.343998
3533 0.331163
3534 0.340407
3535 0.330410
3536 0.354921
3537 0.329375
3538 0.315432
3539 0.323255
3540 0.329944
3541 0.331262
3542 0.334557
3543 0.340107
3544 0.347065
3545 0.331453
3546 0.337563
3547 0.341415
3548 0.335964
3549 0.341505
3550 0.347887
3551 0.328640
3552 0.327421
3553 0.320011
3554 0.323579
3555 0.332208
3556 0.322835
3557 0.329491
3558 0.326869
3559 0.334083
3560 0.348596
3561 0.331368
3562 0.325379
3563 0.326410
3564 0.329125
3565 0.327349
3566 0.338194
3567 0.337258
3568 0.346693
3569 0.334267
3570 0.338936
3571 0.322879
3572 0.339586
3573 0.314861
3574 0.332401
3575 0.349371
3576 0.338087
3577 0.338552
3578 0.326439
3579 0.343671
3580 0.331285
3581 0.328400
3582 0.339754
3583 0.337706
3584 0.337054
3585 0.340028
3586 0.325153
3587 0.330360
3588 0.333612
3589 0.321817
3590 0.349304
3591 0.320802
3592 0.324610
3593 0.335374
3594 0.328047
3595 0.337691
3596 0.338710
3597 0.345288
3598 0.342690
3599 0.340650
3600 0.331389
3601 0.336295
3602 0.338423
3603 0.347488
3604 0.326027
3605 0.325936
3606 0.332779
3607 0.335736
3608 0.330100
3609 0.336658
3610 0.322715
3611 0.338964
3612 0.348283
3613 0.308608
3614 0.332319
3615 0.334163
3616 0.335177
3617 0.330661
3618 0.327529
3619 0.329096
3620 0.325967
3621 0.330572
3622 0.332965
3623 0.326525
3624 0.331678
3625 0.339310
3626 0.335907
3627 0.336090
3628 0.339857
3629 0.326536
3630 0.336639
3631 0.326081
3632 0.325716
3633 0.339114
3634 0.326362
3635 0.333150
3636 0.328108
3637 0.331317
3638 0.331501
3639 0.328937
3640 0.337363
3641 0.335073
3642 0.317133
3643 0.338183
3644 0.328485
3645 0.327298
3646 0.331596
3647 0.318892
3648 0.342928
3649 0.351877
3650 0.332603
3651 0.325938
3652 0.336528
3653 0.318095
3654 0.342365
3655 0.324487
3656 0.328775
3657 0.324856
3658 0.322307
3659 0.321673
3660 0.336066
3661 0.313576
3662 0.343255
3663 0.330330
3664 0.330786
3665 0.351978
3666 0.330333
3667 0.328334
3668 0.333697
3669 0.330335
3670 0.324251
3671 0.329066
3672 0.333606
3673 0.343861
3674 0.338323
3675 0.334694
3676 0.335691
3677 0.333424
3678 0.332246
3679 0.335417
3680 0.327717
3681 0.324640
3682 0.329169
3683 0.316861
3684 0.338491
3685 0.324830
3686 0.332067
3687 0.335774
3688 0.333514
3689 0.331526
3690 0.349593
3691 0.329450
3692 0.334236
3693 0.341998
3694 0.339199
3695 0.328011
3696 0.340909
3697 0.328645
3698 0.325311
3699 0.340903
3700 0.344324
3701 0.335855
3702 0.340897
3703 0.332703
3704 0.319114
3705 0.339811
3706 0.345926
3707 0.340437
3708 0.329018
3709 0.336209
3710 0.338814
3711 0.334411
3712 0.333782
3713 0.334500
3714 0.328756
3715 0.318708
3716 0.340420
3717 0.338176
3718 0.322485
3719 0.328852
3720 0.329032
3721 0.327600
3722 0.333423
3723 0.337362
3724 0.324114
3725 0.341745
3726 0.350778
3727 0.332976
3728 0.319206
3729 0.317243
3730 0.336461
3731 0.328330
3732 0.319400
3733 0.311010
3734 0.335833
3735 0.327443
3736 0.334582
3737 0.341718
3738 0.327715
3739 0.332174
3740 0.333957
3741 0.330393
3742 0.333244
3743 0.359070
3744 0.346154
3745 0.339119
3746 0.338761
3747 0.324259
3748 0.334578
3749 0.340357
3750 0.336267
3751 0.329779
3752 0.324627
3753 0.332534
3754 0.320458
3755 0.332623
3756 0.334665
3757 0.329518
3758 0.326770
3759 0.345837
3760 0.332713
3761 0.332093
3762 0.323764
3763 0.332713
3764 0.342455
3765 0.338645
3766 0.335900
3767 0.335280
3768 0.334660
3769 0.339613
3770 0.330504
3771 0.335720
3772 0.343054
3773 0.329446
3774 0.342342
3775 0.323709
3776 0.322564
3777 0.345777
3778 0.343039
3779 0.330511
3780 0.346296
3781 0.334303
3782 0.351666
3783 0.318266
3784 0.327960
3785 0.324967
3786 0.337031
3787 0.318986
3788 0.347413
3789 0.339667
3790 0.331398
3791 0.331839
3792 0.343091
3793 0.327709
3794 0.329204
3795 0.341238
3796 0.330348
3797 0.328417
3798 0.329647
3799 0.322980
3800 0.329737
3801 0.348592
3802 0.330615
3803 0.337891
3804 0.336751
3805 0.330618
3806 0.331319
3807 0.334121
3808 0.324055
3809 0.328958
3810 0.325459
3811 0.316977
3812 0.334995
3813 0.331760
3814 0.326691
3815 0.331848
3816 0.331237
3817 0.339796
3818 0.327135
3819 0.334119
3820 0.351047
3821 0.350170
3822 0.328624
3823 0.334031
3824 0.342050
3825 0.338562
3826 0.333246
3827 0.342043
3828 0.342215
3829 0.325411
3830 0.334726
3831 0.332289
3832 0.334812
3833 0.334203
3834 0.327856
3835 0.336897
3836 0.337852
3837 0.331509
3838 0.341845
3839 0.335765
3840 0.323698
3841 0.343400
3842 0.334201
3843 0.321884
3844 0.330645
3845 0.339142
3846 0.332553
3847 0.332467
3848 0.320426
3849 0.324500
3850 0.326753
3851 0.340950
3852 0.326324
3853 0.349598
3854 0.343020
3855 0.328923
3856 0.322355
3857 0.333938
3858 0.320114
3859 0.334802
3860 0.340933
3861 0.337218
3862 0.324184
3863 0.346104
3864 0.330745
3865 0.329366
3866 0.329540
3867 0.328420
3868 0.346949
3869 0.338589
3870 0.331783
3871 0.323172
3872 0.305269
3873 0.335399
3874 0.326794
3875 0.333419
3876 0.327141
3877 0.335569
3878 0.320526
3879 0.336685
3880 0.349742
3881 0.346560
3882 0.327924
3883 0.329127
3884 0.339341
3885 0.336422
3886 0.320381
3887 0.321328
3888 0.327932
3889 0.339419
3890 0.336504
3891 0.340015
3892 0.332477
3893 0.333933
3894 0.334617
3895 0.330424
3896 0.337782
3897 0.322043
3898 0.334017
3899 0.329828
3900 0.328718
3901 0.338375
3902 0.334444
3903 0.339995
3904 0.325307
3905 0.349296
3906 0.324885
3907 0.320450
3908 0.326510
3909 0.335124
3910 0.332225
3911 0.330095
3912 0.331544
3913 0.327115
3914 0.343894
3915 0.327458
3916 0.326098
3917 0.349502
3918 0.335120
3919 0.347282
3920 0.336990
3921 0.325682
3922 0.338603
3923 0.339536
3924 0.340469
3925 0.329682
3926 0.330871
3927 0.336644
3928 0.336049
3929 0.338254
3930 0.327735
3931 0.347749
3932 0.333672
3933 0.341978
3934 0.315709
3935 0.341042
3936 0.340701
3937 0.335027
3938 0.321737
3939 0.340188
3940 0.335279
3941 0.346359
3942 0.348300
3943 0.343647
3944 0.321501
3945 0.325222
3946 0.347187
3947 0.331644
3948 0.333080
3949 0.342872
3950 0.340506
3951 0.330802
3952 0.329706
3953 0.330382
3954 0.327769
3955 0.340582
3956 0.334934
3957 0.333333
3958 0.340576
3959 0.332155
3960 0.327778
3961 0.341075
3962 0.334932
3963 0.335857
3964 0.332492
3965 0.319042
3966 0.338880
3967 0.325435
3968 0.320060
3969 0.336861
3970 0.332494
3971 0.338454
3972 0.327039
3973 0.327964
3974 0.331152
3975 0.334340
3976 0.347837
3977 0.346995
3978 0.329311
3979 0.331490
3980 0.328894
3981 0.323537
3982 0.336765
3983 0.322872
3984 0.323544
3985 0.328733
3986 0.322629
3987 0.330825
3988 0.341775
3989 0.353472
3990 0.332581
3991 0.329491
3992 0.336673
3993 0.336589
3994 0.339760
3995 0.330163
3996 0.336336
3997 0.334251
3998 0.352926
3999 0.337834
4000 0.326500
4001 0.328668
4002 0.331084
4003 0.335498
4004 0.322178
4005 0.347815
4006 0.344483
4007 0.354130
4008 0.334082
4009 0.333001
4010 0.324190
4011 0.338569
4012 0.336740
4013 0.336656
4014 0.326109
4015 0.333748
4016 0.334163
4017 0.336321
4018 0.332753
4019 0.323961
4020 0.332836
4021 0.327779
4022 0.334908
4023 0.353468
4024 0.328032
4025 0.336646
4026 0.335072
4027 0.334989
4028 0.334161
4029 0.328866
4030 0.339206
4031 0.334904
4032 0.331349
4033 0.343665
4034 0.320773
4035 0.343247
4036 0.321110
4037 0.329453
4038 0.325656
4039 0.335231
4040 0.335149
4041 0.335561
4042 0.339436
4043 0.334158
4044 0.329377
4045 0.338690
4046 0.324765
4047 0.331851
4048 0.326828
4049 0.328970
4050 0.337284
4051 0.329055
4052 0.335390
4053 0.328399
4054 0.344105
4055 0.330949
4056 0.337771
4057 0.336456
4058 0.329473
4059 0.334072
4060 0.332512
4061 0.338833
4062 0.332102
4063 0.341127
4064 0.347687
4065 0.335547
4066 0.332759
4067 0.329481
4068 0.345379
4069 0.337675
4070 0.330958
4071 0.326947
4072 0.325884
4073 0.326541
4074 0.322533
4075 0.347239
4076 0.344701
4077 0.331371
4078 0.324669
4079 0.343712
4080 0.330147
4081 0.334967
4082 0.328515
4083 0.335783
4084 0.331293
4085 0.345165
4086 0.328928
4087 0.330316
4088 0.326321
4089 0.338958
4090 0.343032
4091 0.338304
4092 0.323069
4093 0.335451
4094 0.327553
4095 0.340904
4096 0.323486
4097 0.332194
4098 0.334065
4099 0.325201
4100 0.338537
4101 0.327237
4102 0.329595
4103 0.341457
4104 0.326754
4105 0.327406
4106 0.332927
4107 0.332116
4108 0.327653
4109 0.323923
4110 0.320925
4111 0.347361
4112 0.339008
4113 0.319961
4114 0.332037
4115 0.332442
4116 0.330904
4117 0.343940
4118 0.329772
4119 0.327021
4120 0.325485
4121 0.335113
4122 0.325328
4123 0.345622
4124 0.328807
4125 0.340121
4126 0.340039
4127 0.332687
4128 0.335756
4129 0.324776
4130 0.315012
4131 0.321230
4132 0.329622
4133 0.341640
4134 0.314465
4135 0.326965
4136 0.327128
4137 0.333092
4138 0.327453
4139 0.333655
4140 0.346618
4141 0.343637
4142 0.337518
4143 0.336713
4144 0.329392
4145 0.314355
4146 0.339846
4147 0.335664
4148 0.332690
4149 0.335262
4150 0.313735
4151 0.336064
4152 0.323699
4153 0.342885
4154 0.329562
4155 0.320337
4156 0.331569
4157 0.340630
4158 0.350649
4159 0.341669
4160 0.329087
4161 0.337419
4162 0.340702
4163 0.334134
4164 0.346542
4165 0.338295
4166 0.341575
4167 0.338853
4168 0.319818
4169 0.328856
4170 0.334772
4171 0.348358
4172 0.325264
4173 0.338605
4174 0.331097
4175 0.314731
4176 0.333812
4177 0.336126
4178 0.326472
4179 0.332376
4180 0.330144
4181 0.333413
4182 0.341703
4183 0.333971
4184 0.322180
4185 0.332139
4186 0.332537
4187 0.328875
4188 0.342168
4189 0.340893
4190 0.323628
4191 0.341923
4192 0.332777
4193 0.318149
4194 0.323319
4195 0.318474
4196 0.330553
4197 0.327853
4198 0.330872
4199 0.343177
4200 0.334048
4201 0.347536
4202 0.327701
4203 0.340709
4204 0.335157
4205 0.331034
4206 0.340228
4207 0.337057
4208 0.327234
4209 0.326443
4210 0.329216
4211 0.335550
4212 0.342830
4213 0.331830
4214 0.330327
4215 0.326928
4216 0.337998
4217 0.340526
4218 0.345899
4219 0.330647
4220 0.332701
4221 0.330490
4222 0.327570
4223 0.335780
4224 0.332386
4225 0.329941
4226 0.339801
4227 0.345162
4228 0.334201
4229 0.334831
4230 0.332861
4231 0.335854
4232 0.347590
4233 0.344673
4234 0.319084
4235 0.344982
4236 0.325307
4237 0.331367
4238 0.332704
4239 0.337344
4240 0.350472
4241 0.328696
4242 0.334748
4243 0.334198
4244 0.343779
4245 0.332391
4246 0.333490
4247 0.323993
4248 0.338983
4249 0.329960
4250 0.339059
4251 0.337097
4252 0.330198
4253 0.336704
4254 0.346497
4255 0.331140
4256 0.339756
4257 0.320179
4258 0.330202
4259 0.333177
4260 0.333333
4261 0.319409
4262 0.326138
4263 0.331926
4264 0.335600
4265 0.335522
4266 0.325832
4267 0.337005
4268 0.332943
4269 0.330991
4270 0.338173
4271 0.333177
4272 0.341994
4273 0.323426
4274 0.331306
4275 0.317427
4276 0.329981
4277 0.348609
4278 0.337541
4279 0.328815
4280 0.333879
4281 0.339173
4282 0.334423
4283 0.334579
4284 0.347572
4285 0.328121
4286 0.333878
4287 0.328668
4288 0.325093
4289 0.331779
4290 0.332168
4291 0.334654
4292 0.333178
4293 0.344980
4294 0.347229
4295 0.333644
4296 0.339618
4297 0.355131
4298 0.326664
4299 0.327518
4300 0.335814
4301 0.339688
4302 0.330311
4303 0.334650
4304 0.335502
4305 0.333566
4306 0.337668
4307 0.334572
4308 0.345636
4309 0.329079
4310 0.331323
4311 0.327302
4312 0.326763
4313 0.338280
4314 0.339592
4315 0.350406
4316 0.333642
4317 0.338661
4318 0.335340
4319 0.338967
4320 0.339352
4321 0.324231
4322 0.333410
4323 0.334953
4324 0.336263
4325 0.328092
4326 0.340499
4327 0.331407
4328 0.342421
4329 0.326634
4330 0.333256
4331 0.332256
4332 0.335180
4333 0.332333
4334 0.345178
4335 0.329873
4336 0.324723
4337 0.328338
4338 0.337483
4339 0.340862
4340 0.329032
4341 0.343239
4342 0.325887
4343 0.338936
4344 0.335866
4345 0.343153
4346 0.323976
4347 0.338164
4348 0.349816
4349 0.329731
4350 0.341839
4351 0.323144
4352 0.339154
4353 0.341833
4354 0.333946
4355 0.338691
4356 0.335399
4357 0.335093
4358 0.324920
4359 0.322551
4360 0.332569
4361 0.340289
4362 0.326227
4363 0.330507
4364 0.324702
4365 0.326919
4366 0.332341
4367 0.341653
4368 0.323489
4369 0.339895
4370 0.332265
4371 0.326470
4372 0.333257
4373 0.333181
4374 0.329218
4375 0.333714
4376 0.336152
4377 0.328536
4378 0.321608
4379 0.332953
4380 0.332877
4381 0.336453
4382 0.336604
4383 0.336527
4384 0.323221
4385 0.334094
4386 0.337665
4387 0.332801
4388 0.340930
4389 0.339029
4390 0.334852
4391 0.337964
4392 0.339253
4393 0.336672
4394 0.320437
4395 0.342435
4396 0.339854
4397 0.341597
4398 0.345157
4399 0.325983
4400 0.331136
4401 0.337423
4402 0.337801
4403 0.339087
4404 0.334696
4405 0.335982
4406 0.338856
4407 0.345133
4408 0.334846
4409 0.339079
4410 0.342404
4411 0.322376
4412 0.334769
4413 0.335146
4414 0.334844
4415 0.345640
4416 0.343524
4417 0.329862
4418 0.331824
4419 0.340575
4420 0.330769
4421 0.322551
4422 0.333786
4423 0.341397
4424 0.330470
4425 0.333107
4426 0.323769
4427 0.339508
4428 0.335818
4429 0.329194
4430 0.328668
4431 0.327014
4432 0.329874
4433 0.337243
4434 0.336716
4435 0.319278
4436 0.342426
4437 0.327699
4438 0.330780
4439 0.322595
4440 0.341441
4441 0.321549
4442 0.336335
4443 0.336935
4444 0.331008
4445 0.335883
4446 0.326361
4447 0.332809
4448 0.334757
4449 0.333109
4450 0.346742
4451 0.341496
4452 0.331312
4453 0.329665
4454 0.342164
4455 0.329068
4456 0.336176
4457 0.334081
4458 0.335576
4459 0.332586
4460 0.331614
4461 0.332213
4462 0.326983
4463 0.339458
4464 0.330421
4465 0.340873
4466 0.332512
4467 0.335572
4468 0.339078
4469 0.329156
4470 0.330649
4471 0.333706
4472 0.341905
4473 0.323944
4474 0.334153
4475 0.342793
4476 0.329535
4477 0.333259
4478 0.348816
4479 0.331994
4480 0.333929
4481 0.328721
4482 0.329763
4483 0.328798
4484 0.319135
4485 0.327982
4486 0.330138
4487 0.326945
4488 0.319073
4489 0.326576
4490 0.341871
4491 0.322200
4492 0.336376
4493 0.325395
4494 0.339119
4495 0.338154
4496 0.337189
4497 0.330220
4498 0.333704
4499 0.341187
4500 0.336667
4501 0.331482
4502 0.319636
4503 0.339551
4504 0.329707
4505 0.337403
4506 0.341545
4507 0.340359
4508 0.340728
4509 0.336660
4510 0.336585
4511 0.336511
4512 0.337101
4513 0.326169
4514 0.338059
4515 0.338870
4516 0.335252
4517 0.334957
4518 0.327136
4519 0.335915
4520 0.336947
4521 0.333997
4522 0.349624
4523 0.329870
4524 0.339080
4525 0.341657
4526 0.319266
4527 0.346366
4528 0.337677
4529 0.342460
4530 0.327594
4531 0.317149
4532 0.331862
4533 0.315685
4534 0.327525
4535 0.332745
4536 0.332672
4537 0.327970
4538 0.334729
4539 0.333774
4540 0.337445
4541 0.336049
4542 0.334214
4543 0.340964
4544 0.327465
4545 0.342794
4546 0.333700
4547 0.325489
4548 0.339490
4549 0.337876
4550 0.343956
4551 0.333993
4552 0.327548
4553 0.323962
4554 0.337725
4555 0.333919
4556 0.323310
4557 0.335089
4558 0.344669
4559 0.336916
4560 0.318860
4561 0.329752
4562 0.335379
4563 0.338593
4564 0.324058
4565 0.334064
4566 0.324573
4567 0.337859
4568 0.329028
4569 0.342526
4570 0.334136
4571 0.341063
4572 0.332021
4573 0.336541
4574 0.334499
4575 0.339891
4576 0.329983
4577 0.329255
4578 0.338357
4579 0.348111
4580 0.329476
4581 0.340100
4582 0.335880
4583 0.340825
4584 0.332024
4585 0.335442
4586 0.324684
4587 0.333769
4588 0.333261
4589 0.325561
4590 0.316776
4591 0.333261
4592 0.338197
4593 0.326148
4594 0.333478
4595 0.340152
4596 0.330287
4597 0.329998
4598 0.337321
4599 0.338769
4600 0.343478
4601 0.326668
4602 0.330726
4603 0.330437
4604 0.332103
4605 0.326819
4606 0.323274
4607 0.324072
4608 0.340061
4609 0.337817
4610 0.332104
4611 0.328128
4612 0.342368
4613 0.328636
4614 0.342003
4615 0.338245
4616 0.325173
4617 0.343297
4618 0.322217
4619 0.345529
4620 0.339177
4621 0.335858
4622 0.331026
4623 0.329223
4624 0.332612
4625 0.334054
4626 0.326200
4627 0.325481
4628 0.326491
4629 0.341975
4630 0.334341
4631 0.340099
4632 0.335924
4633 0.323117
4634 0.330600
4635 0.328155
4636 0.341242
4637 0.341600
4638 0.332040
4639 0.339513
4640 0.322629
4641 0.321051
4642 0.336708
4643 0.331251
4644 0.345607
4645 0.345748
4646 0.340077
4647 0.332903
4648 0.334552
4649 0.326307
4650 0.345806
4651 0.333692
4652 0.321582
4653 0.331614
4654 0.329609
4655 0.335768
4656 0.321735
4657 0.342495
4658 0.323959
4659 0.335265
4660 0.328541
4661 0.340270
4662 0.324539
4663 0.328973
4664 0.331475
4665 0.333548
4666 0.336048
4667 0.329119
4668 0.344687
4669 0.334975
4670 0.334047
4671 0.328838
4672 0.337329
4673 0.347956
4674 0.329696
4675 0.336257
4676 0.330624
4677 0.339106
4678 0.329842
4679 0.334473
4680 0.331410
4681 0.334117
4682 0.337035
4683 0.338885
4684 0.330273
4685 0.326788
4686 0.328638
4687 0.335396
4688 0.329138
4689 0.327788
4690 0.326439
4691 0.325943
4692 0.333120
4693 0.345621
4694 0.328931
4695 0.336528
4696 0.339438
4697 0.333191
4698 0.329715
4699 0.327942
4700 0.328723
4701 0.338651
4702 0.330498
4703 0.320221
4704 0.333121
4705 0.333475
4706 0.331704
4707 0.335458
4708 0.325404
4709 0.337439
4710 0.332059
4711 0.338569
4712 0.333829
4713 0.340760
4714 0.342809
4715 0.331919
4716 0.335030
4717 0.327115
4718 0.321747
4719 0.337572
4720 0.331568
4721 0.323660
4722 0.328674
4723 0.340250
4724 0.333192
4725 0.342011
4726 0.333686
4727 0.316268
4728 0.350042
4729 0.348065
4730 0.333192
4731 0.325724
4732 0.331995
4733 0.338897
4734 0.331855
4735 0.331573
4736 0.326436
4737 0.341777
4738 0.341705
4739 0.323064
4740 0.335443
4741 0.332630
4742 0.333404
4743 0.327430
4744 0.334949
4745 0.335300
4746 0.340287
4747 0.343796
4748 0.326664
4749 0.322805
4750 0.341895
4751 0.346664
4752 0.328914
4753 0.342941
4754 0.331510
4755 0.334175
4756 0.334945
4757 0.331932
4758 0.336276
4759 0.330952
4760 0.332563
4761 0.336274
4762 0.335573
4763 0.335923
4764 0.327666
4765 0.325079
4766 0.333193
4767 0.326411
4768 0.335361
4769 0.324806
4770 0.340042
4771 0.334940
4772 0.337594
4773 0.343599
4774 0.339338
4775 0.343455
4776 0.335218
4777 0.343521
4778 0.343658
4779 0.339611
4780 0.330126
4781 0.347208
4782 0.335634
4783 0.328246
4784 0.345945
4785 0.331034
4786 0.330965
4787 0.331314
4788 0.328739
4789 0.339319
4790 0.335073
4791 0.334586
4792 0.343907
4793 0.333612
4794 0.322069
4795 0.339729
4796 0.330901
4797 0.324578
4798 0.318258
4799 0.341738
4800 0.332708
4801 0.327223
4802 0.335277
4803 0.332917
4804 0.330974
4805 0.320499
4806 0.336246
4807 0.337841
4808 0.335483
4809 0.334165
4810 0.330353
4811 0.342756
4812 0.329385
4813 0.332641
4814 0.338180
4815 0.336033
4816 0.334095
4817 0.335686
4818 0.336654
4819 0.317493
4820 0.336929
4821 0.327940
4822 0.334301
4823 0.341903
4824 0.333955
4825 0.325389
4826 0.340448
4827 0.343277
4828 0.324979
4829 0.330917
4830 0.342443
4831 0.343200
4832 0.332575
4833 0.334575
4834 0.314233
4835 0.335677
4836 0.316170
4837 0.344015
4838 0.350558
4839 0.336020
4840 0.342769
4841 0.325553
4842 0.331888
4843 0.336775
4844 0.332164
4845 0.339732
4846 0.332852
4847 0.342067
4848 0.341172
4849 0.343164
4850 0.342680
4851 0.331272
4852 0.329349
4853 0.322687
4854 0.332921
4855 0.336766
4856 0.330725
4857 0.328392
4858 0.328942
4859 0.341428
4860 0.336626
4861 0.334705
4862 0.331345
4863 0.336829
4864 0.332648
4865 0.336485
4866 0.327785
4867 0.337580
4868 0.330731
4869 0.340522
4870 0.335524
4871 0.334428
4872 0.334360
4873 0.341884
4874 0.343250
4875 0.332718
4876 0.341263
4877 0.335247
4878 0.337433
4879 0.334495
4880 0.329508
4881 0.329646
4882 0.341868
4883 0.330535
4884 0.332719
4885 0.332242
4886 0.332378
4887 0.329855
4888 0.344926
4889 0.331561
4890 0.327607
4891 0.333265
4892 0.352617
4893 0.336399
4894 0.335309
4895 0.317875
4896 0.337623
4897 0.336328
4898 0.325439
4899 0.344764
4900 0.319796
4901 0.343807
4902 0.329253
4903 0.325515
4904 0.323409
4905 0.330479
4906 0.324501
4907 0.332790
4908 0.328851
4909 0.340191
4910 0.339511
4911 0.325799
4912 0.325122
4913 0.338490
4914 0.334147
4915 0.319634
4916 0.326485
4917 0.325605
4918 0.330622
4919 0.342143
4920 0.340650
4921 0.323715
4922 0.335230
4923 0.334552
4924 0.332250
4925 0.331371
4926 0.325010
4927 0.338746
4928 0.346591
4929 0.353216
4930 0.335903
4931 0.333198
4932 0.336983
4933 0.342793
4934 0.338873
4935 0.330294
4936 0.334481
4937 0.338667
4938 0.336574
4939 0.335493
4940 0.332996
4941 0.336572
4942 0.340955
4943 0.327129
4944 0.327265
4945 0.347826
4946 0.329761
4947 0.343845
4948 0.339935
4949 0.327743
4950 0.328889
4951 0.339325
4952 0.328554
4953 0.339592
4954 0.333670
4955 0.325933
4956 0.347054
4957 0.332257
4958 0.326946
4959 0.333333
4960 0.321371
4961 0.337432
4962 0.325474
4963 0.343542
4964 0.334609
4965 0.328298
4966 0.339106
4967 0.332394
4968 0.333937
4969 0.333669
4970 0.340241
4971 0.326292
4972 0.329244
4973 0.333601
4974 0.343788
4975 0.335276
4976 0.345860
4977 0.325296
4978 0.330856
4979 0.334404
4980 0.331124
4981 0.314997
4982 0.339623
4983 0.328116
4984 0.332464
4985 0.336409
4986 0.336342
4987 0.329256
4988 0.321171
4989 0.333133
4990 0.327255
4991 0.326187
4992 0.338942
4993 0.341678
4994 0.333600
4995 0.329329
4996 0.325260
4997 0.325996
4998 0.328131
4999 0.321064
5000 0.335400
5001 0.327734
5002 0.331267
5003 0.327204
5004 0.319145
5005 0.337263
5006 0.344786
5007 0.336129
5008 0.323682
5009 0.335995
5010 0.329541
5011 0.328278
5012 0.337590
5013 0.337123
5014 0.320104
5015 0.335793
5016 0.318780
5017 0.332270
5018 0.327820
5019 0.337916
5020 0.323705
5021 0.350329
5022 0.330147
5023 0.343818
5024 0.339570
5025 0.346667
5026 0.334461
5027 0.337975
5028 0.332936
5029 0.324915
5030 0.345129
5031 0.334923
5032 0.326113
5033 0.338963
5034 0.325983
5035 0.320755
5036 0.332804
5037 0.334525
5038 0.336642
5039 0.339750
5040 0.325198
5041 0.330688
5042 0.336573
5043 0.330756
5044 0.316416
5045 0.344698
5046 0.341062
5047 0.340004
5048 0.329437
5049 0.339869
5050 0.334257
5051 0.334389
5052 0.325614
5053 0.323372
5054 0.330629
5055 0.331751
5056 0.317049
5057 0.335377
5058 0.336101
5059 0.322593
5060 0.345257
5061 0.337878
5062 0.340972
5063 0.335177
5064 0.333728
5065 0.326752
5066 0.331623
5067 0.330570
5068 0.322415
5069 0.338726
5070 0.327811
5071 0.343325
5072 0.335765
5073 0.329982
5074 0.334056
5075 0.339113
5076 0.334121
5077 0.345480
5078 0.354076
5079 0.325852
5080 0.332283
5081 0.328479
5082 0.336285
5083 0.339170
5084 0.340677
5085 0.328417
5086 0.325993
5087 0.332416
5088 0.329009
5089 0.334054
5090 0.312181
5091 0.334119
5092 0.335232
5093 0.326330
5094 0.328818
5095 0.337782
5096 0.329867
5097 0.330979
5098 0.332287
5099 0.323201
5100 0.343529
5101 0.333072
5102 0.330263
5103 0.322555
5104 0.333660
5105 0.338296
5106 0.319428
5107 0.326415
5108 0.338489
5109 0.332550
5110 0.330920
5111 0.329094
5112 0.330399
5113 0.331899
5114 0.334767
5115 0.339980
5116 0.327013
5117 0.335353
5118 0.324736
5119 0.329947
5120 0.333984
5121 0.335677
5122 0.329949
5123 0.336326
5124 0.336846
5125 0.337366
5126 0.350956
5127 0.330993
5128 0.326248
5129 0.328719
5130 0.333723
5131 0.333463
5132 0.325214
5133 0.335671
5134 0.326256
5135 0.324635
5136 0.340927
5137 0.334047
5138 0.332230
5139 0.336836
5140 0.332879
5141 0.334954
5142 0.331389
5143 0.335018
5144 0.328733
5145 0.334111
5146 0.325107
5147 0.324461
5148 0.337413
5149 0.326277
5150 0.334757
5151 0.323626
5152 0.319099
5153 0.335533
5154 0.336050
5155 0.343938
5156 0.325834
5157 0.327128
5158 0.333463
5159 0.334949
5160 0.339535
5161 0.322418
5162 0.335916
5163 0.338757
5164 0.338497
5165 0.327009
5166 0.337398
5167 0.329979
5168 0.332624
5169 0.329077
5170 0.339652
5171 0.340940
5172 0.317285
5173 0.341968
5174 0.321801
5175 0.336618
5176 0.328825
5177 0.328182
5178 0.343762
5179 0.330759
5180 0.337452
5181 0.324648
5182 0.326515
5183 0.338221
5184 0.328125
5185 0.341562
5186 0.338218
5187 0.330827
5188 0.317849
5189 0.327231
5190 0.322351
5191 0.329994
5192 0.317989
5193 0.328134
5194 0.326723
5195 0.337825
5196 0.339107
5197 0.327881
5198 0.346287
5199 0.329871
5200 0.332500
5201 0.335897
5202 0.326221
5203 0.326735
5204 0.333782
5205 0.346782
5206 0.329812
5207 0.342424
5208 0.341398
5209 0.332693
5210 0.332246
5211 0.332182
5212 0.332310
5213 0.333014
5214 0.330073
5215 0.332311
5216 0.338382
5217 0.354227
5218 0.336719
5219 0.339145
5220 0.334674
5221 0.334036
5222 0.338376
5223 0.327398
5224 0.331547
5225 0.337225
5226 0.333333
5227 0.345131
5228 0.329572
5229 0.336776
5230 0.349713
5231 0.329765
5232 0.324732
5233 0.333843
5234 0.324608
5235 0.327221
5236 0.328877
5237 0.335116
5238 0.327797
5239 0.338042
5240 0.325573
5241 0.332761
5242 0.331553
5243 0.329773
5244 0.342105
5245 0.330982
5246 0.331681
5247 0.331999
5248 0.328506
5249 0.332063
5250 0.338286
5251 0.329461
5252 0.315880
5253 0.341138
5254 0.323182
5255 0.333777
5256 0.345510
5257 0.337645
5258 0.329973
5259 0.325537
5260 0.331559
5261 0.332066
5262 0.332763
5263 0.333460
5264 0.330167
5265 0.330104
5266 0.341626
5267 0.334156
5268 0.320995
5269 0.318277
5270 0.334725
5271 0.323847
5272 0.330425
5273 0.337189
5274 0.333144
5275 0.322275
5276 0.335481
5277 0.336934
5278 0.331186
5279 0.334154
5280 0.324242
5281 0.339140
5282 0.323362
5283 0.325005
5284 0.338002
5285 0.336613
5286 0.333144
5287 0.333081
5288 0.339637
5289 0.329363
5290 0.339509
5291 0.325836
5292 0.334656
5293 0.345551
5294 0.333774
5295 0.338621
5296 0.342711
5297 0.335284
5298 0.333900
5299 0.331195
5300 0.322075
5301 0.331258
5302 0.338740
5303 0.340751
5304 0.338424
5305 0.337606
5306 0.326046
5307 0.332203
5308 0.325546
5309 0.329629
5310 0.316196
5311 0.330635
5312 0.347327
5313 0.322793
5314 0.327061
5315 0.332267
5316 0.335214
5317 0.320670
5318 0.313840
5319 0.325249
5320 0.337782
5321 0.327006
5322 0.332206
5323 0.343791
5324 0.328700
5325 0.339718
5326 0.330830
5327 0.333020
5328 0.337087
5329 0.336836
5330 0.342214
5331 0.341212
5332 0.331020
5333 0.335458
5334 0.331834
5335 0.334770
5336 0.337331
5337 0.331272
5338 0.341326
5339 0.323282
5340 0.326592
5341 0.341509
5342 0.323100
5343 0.326783
5344 0.331774
5345 0.327409
5346 0.331650
5347 0.325603
5348 0.326290
5349 0.344176
5350 0.337383
5351 0.335825
5352 0.324738
5353 0.338315
5354 0.327045
5355 0.317274
5356 0.329164
5357 0.339182
5358 0.345465
5359 0.334951
5360 0.333769
5361 0.336131
5362 0.342410
5363 0.335633
5364 0.324571
5365 0.336626
5366 0.328736
5367 0.329234
5368 0.333085
5369 0.335258
5370 0.337244
5371 0.322286
5372 0.338235
5373 0.328494
5374 0.330108
5375 0.333581
5376 0.323475
5377 0.331969
5378 0.335441
5379 0.323852
5380 0.337918
5381 0.327820
5382 0.335006
5383 0.325469
5384 0.332281
5385 0.337419
5386 0.331229
5387 0.324114
5388 0.332591
5389 0.323993
5390 0.349722
5391 0.333519
5392 0.331788
5393 0.326534
5394 0.329626
5395 0.328823
5396 0.336731
5397 0.337224
5398 0.334939
5399 0.344323
5400 0.332778
5401 0.323088
5402 0.328767
5403 0.337035
5404 0.330496
5405 0.338945
5406 0.334443
5407 0.330128
5408 0.332470
5409 0.347199
5410 0.334935
5411 0.325448
5412 0.335735
5413 0.341031
5414 0.338013
5415 0.331671
5416 0.327917
5417 0.325272
5418 0.331118
5419 0.331796
5420 0.326753
5421 0.327246
5422 0.328661
5423 0.328969
5424 0.326143
5425 0.334931
5426 0.337449
5427 0.325963
5428 0.328113
5429 0.325290
5430 0.328913
5431 0.328116
5432 0.333395
5433 0.341064
5434 0.333640
5435 0.328611
5436 0.328182
5437 0.326099
5438 0.331004
5439 0.335172
5440 0.331066
5441 0.334130
5442 0.327086
5443 0.330884
5444 0.326047
5445 0.328926
5446 0.331252
5447 0.325133
5448 0.333517
5449 0.334006
5450 0.337615
5451 0.325995
5452 0.323368
5453 0.343664
5454 0.328933
5455 0.335472
5456 0.336327
5457 0.334066
5458 0.345914
5459 0.333944
5460 0.336996
5461 0.335287
5462 0.333394
5463 0.333882
5464 0.324305
5465 0.346203
5466 0.332419
5467 0.330163
5468 0.326628
5469 0.332602
5470 0.335283
5471 0.338695
5472 0.325292
5473 0.335648
5474 0.337779
5475 0.336986
5476 0.331446
5477 0.335037
5478 0.332968
5479 0.335280
5480 0.323175
5481 0.333151
5482 0.332908
5483 0.345614
5484 0.317651
5485 0.330902
5486 0.342326
5487 0.333333
5488 0.330357
5489 0.341046
5490 0.340984
5491 0.336004
5492 0.341770
5493 0.333515
5494 0.336731
5495 0.324295
5496 0.336245
5497 0.330726
5498 0.324845
5499 0.334061
5500 0.334000
5501 0.336484
5502 0.330062
5503 0.338906
5504 0.326490
5505 0.327157
5506 0.327461
5507 0.323407
5508 0.343137
5509 0.331639
5510 0.331760
5511 0.337688
5512 0.333091
5513 0.340287
5514 0.330976
5515 0.337443
5516 0.333212
5517 0.328983
5518 0.332910
5519 0.325059
5520 0.328261
5521 0.342873
5522 0.331221
5523 0.334420
5524 0.334902
5525 0.319276
5526 0.334781
5527 0.339606
5528 0.328329
5529 0.327727
5530 0.339241
5531 0.331043
5532 0.331706
5533 0.325140
5534 0.341887
5535 0.337850
5536 0.335260
5537 0.337547
5538 0.335861
5539 0.340314
5540 0.340794
5541 0.340372
5542 0.325695
5543 0.328883
5544 0.332071
5545 0.337782
5546 0.328525
5547 0.336578
5548 0.339041
5549 0.331771
5550 0.343243
5551 0.333273
5552 0.334654
5553 0.330092
5554 0.331473
5555 0.333393
5556 0.340713
5557 0.339392
5558 0.340050
5559 0.330455
5560 0.330396
5561 0.344902
5562 0.331895
5563 0.346036
5564 0.332315
5565 0.328122
5566 0.346209
5567 0.334291
5568 0.335848
5569 0.323757
5570 0.333573
5571 0.340334
5572 0.333094
5573 0.331240
5574 0.340689
5575 0.323767
5576 0.334110
5577 0.321858
5578 0.335246
5579 0.339308
5580 0.336380
5581 0.327361
5582 0.330348
5583 0.323661
5584 0.333453
5585 0.321397
5586 0.336198
5587 0.346877
5588 0.322298
5589 0.335659
5590 0.334705
5591 0.333930
5592 0.343705
5593 0.329698
5594 0.328745
5595 0.325648
5596 0.336133
5597 0.339468
5598 0.343873
5599 0.332024
5600 0.332321
5601 0.334762
5602 0.330596
5603 0.334642
5604 0.326196
5605 0.342194
5606 0.337317
5607 0.340824
5608 0.338802
5609 0.344981
5610 0.337968
5611 0.328640
5612 0.331254
5613 0.336006
5614 0.331136
5615 0.331077
5616 0.317308
5617 0.334342
5618 0.336775
5619 0.330664
5620 0.341281
5621 0.321473
5622 0.347563
5623 0.333985
5624 0.334637
5625 0.341511
5626 0.334163
5627 0.330194
5628 0.335288
5629 0.332386
5630 0.328774
5631 0.347008
5632 0.325462
5633 0.329309
5634 0.339013
5635 0.333984
5636 0.340490
5637 0.337414
5638 0.338063
5639 0.329846
5640 0.333865
5641 0.341783
5642 0.328252
5643 0.326068
5644 0.338235
5645 0.329849
5646 0.336699
5647 0.339826
5648 0.346494
5649 0.335812
5650 0.327965
5651 0.337993
5652 0.336341
5653 0.330621
5654 0.321012
5655 0.323431
5656 0.335042
5657 0.343468
5658 0.337045
5659 0.332037
5660 0.329152
5661 0.335453
5662 0.342812
5663 0.322974
5664 0.322564
5665 0.329568
5666 0.326509
5667 0.325393
5668 0.318631
5669 0.342565
5670 0.331922
5671 0.341562
5672 0.323695
5673 0.334038
5674 0.328692
5675 0.327930
5676 0.334567
5677 0.333979
5678 0.323177
5679 0.326114
5680 0.333099
5681 0.324591
5682 0.335973
5683 0.342777
5684 0.320725
5685 0.334916
5686 0.339606
5687 0.332513
5688 0.338783
5689 0.326595
5690 0.338840
5691 0.330346
5692 0.318342
5693 0.328298
5694 0.328943
5695 0.347673
5696 0.328125
5697 0.345796
5698 0.335732
5699 0.337252
5700 0.335614
5701 0.323277
5702 0.339881
5703 0.341399
5704 0.345021
5705 0.341805
5706 0.347704
5707 0.328369
5708 0.316924
5709 0.333333
5710 0.337478
5711 0.331816
5712 0.332108
5713 0.332225
5714 0.326566
5715 0.330184
5716 0.336774
5717 0.326570
5718 0.331584
5719 0.337821
5720 0.331993
5721 0.331585
5722 0.325411
5723 0.322558
5724 0.340147
5725 0.341659
5726 0.337408
5727 0.329841
5728 0.324895
5729 0.338104
5730 0.340314
5731 0.334148
5732 0.328681
5733 0.334380
5734 0.334322
5735 0.339669
5736 0.334554
5737 0.327523
5738 0.341931
5739 0.320962
5740 0.329965
5741 0.331650
5742 0.335946
5743 0.327355
5744 0.333217
5745 0.336466
5746 0.343369
5747 0.338089
5748 0.326548
5749 0.327187
5750 0.331304
5751 0.344810
5752 0.335535
5753 0.326960
5754 0.343935
5755 0.337272
5756 0.331133
5757 0.332291
5758 0.333796
5759 0.332870
5760 0.338715
5761 0.335358
5762 0.332176
5763 0.336283
5764 0.332235
5765 0.327493
5766 0.336455
5767 0.333449
5768 0.329057
5769 0.337320
5770 0.340381
5771 0.327153
5772 0.327963
5773 0.331197
5774 0.333564
5775 0.328485
5776 0.327562
5777 0.324736
5778 0.329526
5779 0.334660
5780 0.339446
5781 0.325376
5782 0.335697
5783 0.333737
5784 0.333333
5785 0.331374
5786 0.332181
5787 0.333852
5788 0.341050
5789 0.345310
5790 0.342660
5791 0.333794
5792 0.337017
5793 0.336786
5794 0.336728
5795 0.335807
5796 0.327122
5797 0.334138
5798 0.341152
5799 0.338507
5800 0.337759
5801 0.342527
5802 0.328507
5803 0.340686
5804 0.328222
5805 0.330233
5806 0.341715
5807 0.321853
5808 0.336605
5809 0.333448
5810 0.332358
5811 0.326450
5812 0.346180
5813 0.346293
5814 0.338321
5815 0.332760
5816 0.340956
5817 0.321815
5818 0.336542
5819 0.331672
5820 0.333162
5821 0.323999
5822 0.331329
5823 0.333162
5824 0.333791
5825 0.333391
5826 0.318229
5827 0.332075
5828 0.335621
5829 0.336078
5830 0.336364
5831 0.334248
5832 0.336420
5833 0.338076
5834 0.325334
5835 0.335733
5836 0.331905
5837 0.335104
5838 0.338815
5839 0.334475
5840 0.327055
5841 0.341894
5842 0.337898
5843 0.340921
5844 0.330938
5845 0.332592
5846 0.331851
5847 0.341714
5848 0.330882
5849 0.330997
5850 0.341197
5851 0.331909
5852 0.333732
5853 0.329745
5854 0.326614
5855 0.333049
5856 0.323087
5857 0.332764
5858 0.327245
5859 0.339478
5860 0.330717
5861 0.340556
5862 0.333675
5863 0.329865
5864 0.333049
5865 0.344928
5866 0.344528
5867 0.346344
5868 0.333504
5869 0.339070
5870 0.330153
5871 0.330267
5872 0.329019
5873 0.323344
5874 0.326524
5875 0.333787
5876 0.327774
5877 0.337077
5878 0.328853
5879 0.333560
5880 0.333503
5881 0.337868
5882 0.337640
5883 0.332483
5884 0.337865
5885 0.335939
5886 0.335032
5887 0.328181
5888 0.343580
5889 0.338088
5890 0.333107
5891 0.330844
5892 0.326205
5893 0.333107
5894 0.334408
5895 0.342494
5896 0.334634
5897 0.340003
5898 0.328416
5899 0.333616
5900 0.326949
5901 0.332486
5902 0.334124
5903 0.335084
5904 0.331301
5905 0.335648
5906 0.331527
5907 0.333503
5908 0.327183
5909 0.344898
5910 0.337563
5911 0.339367
5912 0.327977
5913 0.332319
5914 0.336997
5915 0.343195
5916 0.331812
5917 0.332263
5918 0.334741
5919 0.329448
5920 0.336655
5921 0.333390
5922 0.337217
5923 0.334965
5924 0.328494
5925 0.335696
5926 0.327708
5927 0.329846
5928 0.332490
5929 0.332265
5930 0.326644
5931 0.328275
5932 0.332603
5933 0.327827
5934 0.343108
5935 0.327548
5936 0.340465
5937 0.325922
5938 0.344560
5939 0.333221
5940 0.333165
5941 0.339842
5942 0.332885
5943 0.341242
5944 0.333109
5945 0.332380
5946 0.336192
5947 0.327224
5948 0.337929
5949 0.328627
5950 0.330420
5951 0.336918
5952 0.331821
5953 0.342348
5954 0.325999
5955 0.336524
5956 0.333949
5957 0.341447
5958 0.343572
5959 0.338312
5960 0.332047
5961 0.336521
5962 0.356424
5963 0.335234
5964 0.341549
5965 0.322213
5966 0.329199
5967 0.340707
5968 0.325905
5969 0.315798
5970 0.332328
5971 0.334282
5972 0.325352
5973 0.328980
5974 0.337965
5975 0.330711
5976 0.341533
5977 0.335118
5978 0.333891
5979 0.331159
5980 0.340301
5981 0.334727
5982 0.333501
5983 0.337289
5984 0.324365
5985 0.339515
5986 0.338958
5987 0.327209
5988 0.330160
5989 0.341459
5990 0.316528
5991 0.342347
5992 0.323932
5993 0.325546
5994 0.331999
5995 0.326272
5996 0.342562
5997 0.330165
5998 0.329276
5999 0.332389
6000 0.338167
6001 0.325779
6002 0.336721
6003 0.326337
6004 0.335610
6005 0.338551
6006 0.332834
6007 0.323955
6008 0.331391
6009 0.334665
6010 0.324958
6011 0.333555
6012 0.339155
6013 0.330118
6014 0.329897
6015 0.338321
6016 0.340093
6017 0.329068
6018 0.333500
6019 0.337099
6020 0.336379
6021 0.338482
6022 0.332116
6023 0.330400
6024 0.343958
6025 0.324813
6026 0.327083
6027 0.331508
6028 0.331785
6029 0.333057
6030 0.332172
6031 0.347206
6032 0.337865
6033 0.333333
6034 0.336593
6035 0.328086
6036 0.340126
6037 0.331953
6038 0.339351
6039 0.342938
6040 0.328477
6041 0.329250
6042 0.330189
6043 0.325832
6044 0.335539
6045 0.332837
6046 0.348329
6047 0.338846
6048 0.332011
6049 0.340883
6050 0.340165
6051 0.335647
6052 0.333278
6053 0.335371
6054 0.328378
6055 0.333113
6056 0.324141
6057 0.323758
6058 0.333774
6059 0.330087
6060 0.334323
6061 0.331793
6062 0.331409
6063 0.329210
6064 0.324538
6065 0.341138
6066 0.331355
6067 0.331300
6068 0.330092
6069 0.334322
6070 0.343822
6071 0.330094
6072 0.332675
6073 0.329821
6074 0.335364
6075 0.334156
6076 0.331139
6077 0.330262
6078 0.333333
6079 0.339201
6080 0.341118
6081 0.337280
6082 0.333936
6083 0.325004
6084 0.338757
6085 0.338702
6086 0.330430
6087 0.336455
6088 0.335085
6089 0.338643
6090 0.335632
6091 0.325562
6092 0.328135
6093 0.337436
6094 0.325894
6095 0.336669
6096 0.323327
6097 0.340987
6098 0.334372
6099 0.343007
6100 0.330984
6101 0.332077
6102 0.333006
6103 0.332459
6104 0.337156
6105 0.338247
6106 0.334098
6107 0.333388
6108 0.323183
6109 0.330987
6110 0.325532
6111 0.337261
6112 0.331806
6113 0.325863
6114 0.319758
6115 0.338839
6116 0.331589
6117 0.331372
6118 0.336058
6119 0.331590
6120 0.332353
6121 0.329195
6122 0.343352
6123 0.336436
6124 0.330666
6125 0.334204
6126 0.324029
6127 0.336543
6128 0.336162
6129 0.329581
6130 0.332300
6131 0.335671
6132 0.329746
6133 0.337355
6134 0.327845
6135 0.332681
6136 0.324316
6137 0.340557
6138 0.335777
6139 0.323994
6140 0.337459
6141 0.326168
6142 0.345327
6143 0.331271
6144 0.341309
6145 0.338324
6146 0.325578
6147 0.334960
6148 0.341249
6149 0.332087
6150 0.327967
6151 0.321086
6152 0.330299
6153 0.329920
6154 0.336367
6155 0.323639
6156 0.336420
6157 0.331980
6158 0.338584
6159 0.336581
6160 0.335714
6161 0.333387
6162 0.329601
6163 0.336524
6164 0.334036
6165 0.333009
6166 0.343983
6167 0.335495
6168 0.340629
6169 0.324526
6170 0.335008
6171 0.327175
6172 0.343973
6173 0.339543
6174 0.331876
6175 0.335547
6176 0.340512
6177 0.326858
6178 0.341373
6179 0.337271
6180 0.327023
6181 0.328911
6182 0.332578
6183 0.334304
6184 0.334250
6185 0.332902
6186 0.326220
6187 0.328107
6188 0.340336
6189 0.331071
6190 0.334733
6191 0.336295
6192 0.328004
6193 0.334571
6194 0.321763
6195 0.335109
6196 0.331827
6197 0.319187
6198 0.330591
6199 0.329892
6200 0.332581
6201 0.333656
6202 0.328926
6203 0.329034
6204 0.326080
6205 0.347784
6206 0.326942
6207 0.331722
6208 0.335535
6209 0.325817
6210 0.320934
6211 0.323619
6212 0.332904
6213 0.326090
6214 0.324268
6215 0.323411
6216 0.334942
6217 0.341483
6218 0.336603
6219 0.331886
6220 0.327492
6221 0.336602
6222 0.332851
6223 0.336815
6224 0.334512
6225 0.334779
6226 0.326534
6227 0.323270
6228 0.337508
6229 0.321239
6230 0.333387
6231 0.337667
6232 0.333922
6233 0.338039
6234 0.328521
6235 0.330233
6236 0.329378
6237 0.321308
6238 0.333120
6239 0.335150
6240 0.326923
6241 0.328954
6242 0.329542
6243 0.336537
6244 0.340807
6245 0.335468
6246 0.325008
6247 0.330078
6248 0.334667
6249 0.338774
6250 0.330240
6251 0.325068
6252 0.329335
6253 0.335199
6254 0.337704
6255 0.330296
6256 0.335838
6257 0.334026
6258 0.332375
6259 0.327369
6260 0.328754
6261 0.331097
6262 0.334877
6263 0.349353
6264 0.336047
6265 0.318595
6266 0.335940
6267 0.335248
6268 0.329451
6269 0.339927
6270 0.327432
6271 0.329294
6272 0.320153
6273 0.331420
6274 0.315269
6275 0.330837
6276 0.333652
6277 0.333121
6278 0.336572
6279 0.336519
6280 0.333280
6281 0.337207
6282 0.328717
6283 0.334554
6284 0.335455
6285 0.328560
6286 0.333758
6287 0.335454
6288 0.334924
6289 0.340277
6290 0.331955
6291 0.334923
6292 0.334870
6293 0.324646
6294 0.331903
6295 0.332010
6296 0.335610
6297 0.345720
6298 0.335821
6299 0.340213
6300 0.330476
6301 0.338200
6302 0.346239
6303 0.339204
6304 0.331853
6305 0.349088
6306 0.329052
6307 0.329634
6308 0.347971
6309 0.323348
6310 0.337876
6311 0.329425
6312 0.342364
6313 0.327420
6314 0.337979
6315 0.329850
6316 0.337555
6317 0.330062
6318 0.328427
6319 0.335654
6320 0.329747
6321 0.329378
6322 0.329010
6323 0.322315
6324 0.329855
6325 0.332648
6326 0.332438
6327 0.336494
6328 0.329330
6329 0.330700
6330 0.325118
6331 0.328384
6332 0.331965
6333 0.343755
6334 0.327439
6335 0.324546
6336 0.333649
6337 0.348588
6338 0.334333
6339 0.339486
6340 0.332334
6341 0.330705
6342 0.322611
6343 0.331704
6344 0.319672
6345 0.340741
6346 0.332808
6347 0.337325
6348 0.331128
6349 0.340841
6350 0.334961
6351 0.326090
6352 0.329975
6353 0.334173
6354 0.331287
6355 0.331235
6356 0.341252
6357 0.335378
6358 0.330450
6359 0.320491
6360 0.330818
6361 0.320390
6362 0.334329
6363 0.342291
6364 0.340823
6365 0.327573
6366 0.335847
6367 0.328883
6368 0.340295
6369 0.329879
6370 0.335793
6371 0.330717
6372 0.327370
6373 0.324808
6374 0.334013
6375 0.344314
6376 0.324028
6377 0.334797
6378 0.343995
6379 0.333438
6380 0.330878
6381 0.333020
6382 0.339862
6383 0.328059
6384 0.332080
6385 0.339076
6386 0.331820
6387 0.321591
6388 0.332185
6389 0.340742
6390 0.331455
6391 0.330465
6392 0.326971
6393 0.334741
6394 0.332812
6395 0.331509
6396 0.336460
6397 0.341254
6398 0.339481
6399 0.333333
6400 0.325625
6401 0.338385
6402 0.335052
6403 0.331407
6404 0.329482
6405 0.335831
6406 0.335311
6407 0.328547
6408 0.335518
6409 0.332813
6410 0.327925
6411 0.332865
6412 0.332502
6413 0.340246
6414 0.329747
6415 0.333125
6416 0.334632
6417 0.318529
6418 0.325179
6419 0.334320
6420 0.337539
6421 0.343560
6422 0.319682
6423 0.342986
6424 0.338574
6425 0.328405
6426 0.338313
6427 0.336393
6428 0.333385
6429 0.339711
6430 0.334681
6431 0.340538
6432 0.327114
6433 0.331416
6434 0.329810
6435 0.329604
6436 0.339497
6437 0.337580
6438 0.327586
6439 0.332039
6440 0.335559
6441 0.332557
6442 0.336541
6443 0.341766
6444 0.326350
6445 0.329713
6446 0.342693
6447 0.327749
6448 0.329715
6449 0.325632
6450 0.332558
6451 0.334057
6452 0.313856
6453 0.329769
6454 0.326464
6455 0.341751
6456 0.333488
6457 0.331888
6458 0.337256
6459 0.335036
6460 0.328947
6461 0.330909
6462 0.334881
6463 0.341482
6464 0.336170
6465 0.334261
6466 0.337612
6467 0.329364
6468 0.329468
6469 0.341011
6470 0.331994
6471 0.325916
6472 0.330037
6473 0.331531
6474 0.340593
6475 0.331274
6476 0.335855
6477 0.331481
6478 0.332201
6479 0.327828
6480 0.331944
6481 0.339608
6482 0.326134
6483 0.348141
6484 0.342381
6485 0.336931
6486 0.329941
6487 0.330970
6488 0.335697
6489 0.335491
6490 0.333436
6491 0.336620
6492 0.329791
6493 0.335284
6494 0.333847
6495 0.330408
6496 0.337900
6497 0.333539
6498 0.340412
6499 0.330205
6500 0.332308
6501 0.326719
6502 0.335128
6503 0.322774
6504 0.335793
6505 0.334358
6506 0.335690
6507 0.340403
6508 0.326982
6509 0.336611
6510 0.328725
6511 0.332053
6512 0.327088
6513 0.336097
6514 0.330365
6515 0.333845
6516 0.341007
6517 0.330827
6518 0.335839
6519 0.331493
6520 0.334356
6521 0.332464
6522 0.330880
6523 0.338341
6524 0.326334
6525 0.332874
6526 0.325621
6527 0.323273
6528 0.335478
6529 0.331444
6530 0.333538
6531 0.339152
6532 0.335426
6533 0.325425
6534 0.329660
6535 0.336802
6536 0.322215
6537 0.339299
6538 0.333282
6539 0.325126
6540 0.338226
6541 0.335728
6542 0.333690
6543 0.339294
6544 0.334199
6545 0.324370
6546 0.328445
6547 0.336185
6548 0.328345
6549 0.335929
6550 0.341374
6551 0.332774
6552 0.336538
6553 0.325347
6554 0.326213
6555 0.342029
6556 0.343045
6557 0.333689
6558 0.331199
6559 0.337094
6560 0.335976
6561 0.321597
6562 0.325968
6563 0.329270
6564 0.337904
6565 0.334196
6566 0.331557
6567 0.322217
6568 0.328715
6569 0.335972
6570 0.338965
6571 0.333739
6572 0.337645
6573 0.331660
6574 0.343322
6575 0.339772
6576 0.332725
6577 0.338300
6578 0.330952
6579 0.337437
6580 0.339362
6581 0.327610
6582 0.324066
6583 0.333131
6584 0.341434
6585 0.331511
6586 0.330853
6587 0.328526
6588 0.331512
6589 0.341934
6590 0.330197
6591 0.328175
6592 0.338289
6593 0.329440
6594 0.334850
6595 0.332373
6596 0.322468
6597 0.347734
6598 0.331009
6599 0.332020
6600 0.333030
6601 0.326011
6602 0.329597
6603 0.328638
6604 0.348274
6605 0.339743
6606 0.342567
6607 0.333888
6608 0.331870
6609 0.339991
6610 0.331467
6611 0.334443
6612 0.330762
6613 0.334190
6614 0.334442
6615 0.338776
6616 0.327086
6617 0.334593
6618 0.344666
6619 0.332830
6620 0.338671
6621 0.333937
6622 0.335699
6623 0.340480
6624 0.328955
6625 0.339623
6626 0.329309
6627 0.341784
6628 0.337508
6629 0.331423
6630 0.335143
6631 0.338410
6632 0.334590
6633 0.333786
6634 0.330871
6635 0.336096
6636 0.328210
6637 0.341871
6638 0.340464
6639 0.322488
6640 0.335994
6641 0.333685
6642 0.329569
6643 0.331928
6644 0.332932
6645 0.334838
6646 0.339452
6647 0.331879
6648 0.330927
6649 0.335088
6650 0.331729
6651 0.322508
6652 0.342153
6653 0.337592
6654 0.333934
6655 0.342750
6656 0.337139
6657 0.341145
6658 0.340493
6659 0.341042
6660 0.332132
6661 0.338087
6662 0.333984
6663 0.338286
6664 0.334484
6665 0.339385
6666 0.339934
6667 0.337483
6668 0.338782
6669 0.331834
6670 0.332084
6671 0.325888
6672 0.327338
6673 0.338978
6674 0.333533
6675 0.338577
6676 0.332235
6677 0.335929
6678 0.328392
6679 0.332385
6680 0.338323
6681 0.333184
6682 0.332236
6683 0.340566
6684 0.329443
6685 0.338669
6686 0.336075
6687 0.341110
6688 0.331340
6689 0.334280
6690 0.338864
6691 0.342251
6692 0.333831
6693 0.332736
6694 0.336271
6695 0.330246
6696 0.333781
6697 0.340600
6698 0.327560
6699 0.339006
6700 0.332090
6701 0.323981
6702 0.336467
6703 0.329852
6704 0.338156
6705 0.333781
6706 0.328512
6707 0.332041
6708 0.324836
6709 0.319869
6710 0.329061
6711 0.339145
6712 0.327920
6713 0.338746
6714 0.337951
6715 0.331646
6716 0.334276
6717 0.339437
6718 0.335814
6719 0.329216
6720 0.334375
6721 0.336408
6722 0.332490
6723 0.335862
6724 0.338489
6725 0.346320
6726 0.331401
6727 0.337892
6728 0.327586
6729 0.335414
6730 0.330758
6731 0.343782
6732 0.340018
6733 0.341007
6734 0.334422
6735 0.338827
6736 0.332096
6737 0.336055
6738 0.324874
6739 0.324974
6740 0.335312
6741 0.332295
6742 0.330911
6743 0.329675
6744 0.325178
6745 0.332098
6746 0.338423
6747 0.333185
6748 0.337433
6749 0.331308
6750 0.337333
6751 0.330173
6752 0.337826
6753 0.338516
6754 0.331951
6755 0.337232
6756 0.333925
6757 0.323960
6758 0.331607
6759 0.336736
6760 0.336982
6761 0.326875
6762 0.334664
6763 0.335206
6764 0.334565
6765 0.326090
6766 0.331658
6767 0.322743
6768 0.326389
6769 0.331216
6770 0.333678
6771 0.332152
6772 0.337714
6773 0.329544
6774 0.342338
6775 0.331808
6776 0.329398
6777 0.337170
6778 0.338153
6779 0.340316
6780 0.332153
6781 0.322371
6782 0.328812
6783 0.330827
6784 0.328125
6785 0.334267
6786 0.330091
6787 0.328422
6788 0.340601
6789 0.329946
6790 0.330486
6791 0.327051
6792 0.338192
6793 0.337995
6794 0.331027
6795 0.345401
6796 0.333873
6797 0.319553
6798 0.333922
6799 0.324607
6800 0.329412
6801 0.327452
6802 0.332843
6803 0.329267
6804 0.331276
6805 0.329170
6806 0.334558
6807 0.340826
6808 0.331816
6809 0.339404
6810 0.332746
6811 0.333578
6812 0.331033
6813 0.329811
6814 0.333138
6815 0.322817
6816 0.327025
6817 0.325070
6818 0.332062
6819 0.331574
6820 0.338270
6821 0.332942
6822 0.340369
6823 0.334750
6824 0.335580
6825 0.333773
6826 0.332699
6827 0.335140
6828 0.330111
6829 0.334310
6830 0.340117
6831 0.330259
6832 0.336505
6833 0.335870
6834 0.330992
6835 0.334748
6836 0.335138
6837 0.329238
6838 0.332846
6839 0.331774
6840 0.342251
6841 0.339716
6842 0.334259
6843 0.331872
6844 0.326417
6845 0.330752
6846 0.326614
6847 0.325690
6848 0.327103
6849 0.333479
6850 0.348467
6851 0.330171
6852 0.335085
6853 0.330658
6854 0.332944
6855 0.337126
6856 0.328326
6857 0.335715
6858 0.327792
6859 0.335617
6860 0.330029
6861 0.331584
6862 0.334742
6863 0.332362
6864 0.333916
6865 0.340422
6866 0.327702
6867 0.345420
6868 0.344496
6869 0.333236
6870 0.336245
6871 0.329064
6872 0.330035
6873 0.336534
6874 0.329066
6875 0.332655
6876 0.332606
6877 0.343609
6878 0.322041
6879 0.329118
6880 0.327180
6881 0.322192
6882 0.332171
6883 0.337498
6884 0.321325
6885 0.335221
6886 0.337061
6887 0.333963
6888 0.338995
6889 0.328495
6890 0.332366
6891 0.330576
6892 0.329222
6893 0.323807
6894 0.326226
6895 0.331255
6896 0.332512
6897 0.342903
6898 0.342273
6899 0.338165
6900 0.341449
6901 0.332995
6902 0.332367
6903 0.332319
6904 0.332995
6905 0.332223
6906 0.338981
6907 0.326915
6908 0.337580
6909 0.335070
6910 0.325181
6911 0.332803
6912 0.329716
6913 0.329235
6914 0.332948
6915 0.333333
6916 0.331116
6917 0.329767
6918 0.326684
6919 0.324469
6920 0.337283
6921 0.340124
6922 0.334730
6923 0.334826
6924 0.336800
6925 0.337040
6926 0.335980
6927 0.338963
6928 0.338482
6929 0.336989
6930 0.341558
6931 0.333862
6932 0.331939
6933 0.335353
6934 0.342804
6935 0.340014
6936 0.327422
6937 0.331988
6938 0.326031
6939 0.342845
6940 0.339337
6941 0.331364
6942 0.324834
6943 0.328964
6944 0.329925
6945 0.326278
6946 0.330550
6947 0.330358
6948 0.336500
6949 0.344942
6950 0.333813
6951 0.335060
6952 0.339902
6953 0.324464
6954 0.322836
6955 0.323508
6956 0.338700
6957 0.326434
6958 0.325956
6959 0.338842
6960 0.337356
6961 0.332136
6962 0.351336
6963 0.328163
6964 0.342763
6965 0.339555
6966 0.322854
6967 0.325391
6968 0.327067
6969 0.334194
6970 0.333142
6971 0.328647
6972 0.329461
6973 0.329844
6974 0.323344
6975 0.342079
6976 0.327552
6977 0.322775
6978 0.324878
6979 0.326694
6980 0.330372
6981 0.327603
6982 0.341306
6983 0.324932
6984 0.330613
6985 0.325984
6986 0.338534
6987 0.335480
6988 0.337865
6989 0.338675
6990 0.336624
6991 0.324274
6992 0.331951
6993 0.331188
6994 0.331284
6995 0.337384
6996 0.337336
6997 0.324282
6998 0.334238
6999 0.334619
7000 0.329714
7001 0.333095
7002 0.331334
7003 0.334285
7004 0.326670
7005 0.338615
7006 0.337282
7007 0.332096
7008 0.331336
7009 0.326437
7010 0.337946
7011 0.340608
7012 0.322875
7013 0.332668
7014 0.337896
7015 0.328297
7016 0.338369
7017 0.333191
7018 0.333856
7019 0.333523
7020 0.333048
7021 0.333856
7022 0.327684
7023 0.329631
7024 0.325456
7025 0.331530
7026 0.331198
7027 0.340544
7028 0.345333
7029 0.333333
7030 0.335989
7031 0.340634
7032 0.344425
7033 0.333712
7034 0.334376
7035 0.336745
7036 0.335134
7037 0.336365
7038 0.338733
7039 0.334849
7040 0.334943
7041 0.333049
7042 0.335700
7043 0.340480
7044 0.335037
7045 0.343222
7046 0.325575
7047 0.328509
7048 0.335556
7049 0.335792
7050 0.328652
7051 0.328890
7052 0.339620
7053 0.329080
7054 0.339807
7055 0.337491
7056 0.335459
7057 0.331869
7058 0.336498
7059 0.335175
7060 0.325212
7061 0.333664
7062 0.338431
7063 0.334985
7064 0.334513
7065 0.342251
7066 0.338806
7067 0.344135
7068 0.326684
7069 0.330457
7070 0.339321
7071 0.332768
7072 0.339649
7073 0.329705
7074 0.326548
7075 0.335830
7076 0.328151
7077 0.339268
7078 0.338514
7079 0.327589
7080 0.336299
7081 0.332580
7082 0.340017
7083 0.323309
7084 0.338368
7085 0.327876
7086 0.332628
7087 0.330182
7088 0.340576
7089 0.331641
7090 0.327221
7091 0.332111
7092 0.340666
7093 0.335965
7094 0.341556
7095 0.334743
7096 0.333568
7097 0.328026
7098 0.337701
7099 0.330469
7100 0.336761
7101 0.328404
7102 0.343002
7103 0.326482
7104 0.333052
7105 0.341731
7106 0.335632
7107 0.334600
7108 0.330473
7109 0.338866
7110 0.339803
7111 0.327380
7112 0.334364
7113 0.342893
7114 0.331740
7115 0.340548
7116 0.335301
7117 0.335675
7118 0.336611
7119 0.337828
7120 0.339747
7121 0.335065
7122 0.331648
7123 0.339464
7124 0.327204
7125 0.344982
7126 0.327112
7127 0.330434
7128 0.332211
7129 0.334970
7130 0.323562
7131 0.334455
7132 0.333427
7133 0.340951
7134 0.327166
7135 0.330203
7136 0.326373
7137 0.332353
7138 0.333427
7139 0.330859
7140 0.330812
7141 0.323624
7142 0.327499
7143 0.332633
7144 0.340146
7145 0.333520
7146 0.337671
7147 0.335665
7148 0.334779
7149 0.340048
7150 0.332308
7151 0.323451
7152 0.343261
7153 0.329792
7154 0.337573
7155 0.345493
7156 0.330911
7157 0.328350
7158 0.332495
7159 0.337058
7160 0.335754
7161 0.333473
7162 0.341804
7163 0.319419
7164 0.325935
7165 0.336497
7166 0.324728
7167 0.333752
7168 0.324916
7169 0.329893
7170 0.327894
7171 0.324362
7172 0.338120
7173 0.324411
7174 0.324505
7175 0.341463
7176 0.326087
7177 0.330779
7178 0.328086
7179 0.337094
7180 0.331476
7181 0.343406
7182 0.345168
7183 0.335793
7184 0.329343
7185 0.326931
7186 0.333704
7187 0.330458
7188 0.334307
7189 0.317708
7190 0.330737
7191 0.329161
7192 0.330228
7193 0.332546
7194 0.336391
7195 0.331063
7196 0.332129
7197 0.339169
7198 0.328563
7199 0.335880
7200 0.335000
7201 0.331759
7202 0.336990
7203 0.336665
7204 0.328984
7205 0.322693
7206 0.335137
7207 0.334536
7208 0.332131
7209 0.347760
7210 0.329958
7211 0.331438
7212 0.330283
7213 0.332039
7214 0.332825
7215 0.327928
7216 0.330377
7217 0.340030
7218 0.332918
7219 0.333841
7220 0.327701
7221 0.331533
7222 0.332595
7223 0.338779
7224 0.331534
7225 0.338685
7226 0.337116
7227 0.329044
7228 0.335501
7229 0.341818
7230 0.342877
7231 0.333840
7232 0.331858
7233 0.333610
7234 0.335361
7235 0.334900
7236 0.332781
7237 0.329556
7238 0.333518
7239 0.328498
7240 0.344199
7241 0.333794
7242 0.329743
7243 0.334944
7244 0.330204
7245 0.329883
7246 0.332321
7247 0.339037
7248 0.322710
7249 0.328735
7250 0.333379
7251 0.328093
7252 0.331633
7253 0.330070
7254 0.324373
7255 0.340041
7256 0.335447
7257 0.320794
7258 0.327501
7259 0.331588
7260 0.328237
7261 0.334665
7262 0.333792
7263 0.337051
7264 0.351459
7265 0.331039
7266 0.338013
7267 0.332462
7268 0.327738
7269 0.338286
7270 0.342366
7271 0.329666
7272 0.331408
7273 0.334800
7274 0.334341
7275 0.328935
7276 0.340297
7277 0.329669
7278 0.332921
7279 0.322984
7280 0.342720
7281 0.327565
7282 0.326284
7283 0.327063
7284 0.337589
7285 0.340426
7286 0.332556
7287 0.310965
7288 0.329995
7289 0.336260
7290 0.332236
7291 0.330545
7292 0.328854
7293 0.332785
7294 0.332328
7295 0.335846
7296 0.334293
7297 0.340688
7298 0.341189
7299 0.332922
7300 0.332740
7301 0.339953
7302 0.333333
7303 0.338491
7304 0.326944
7305 0.332238
7306 0.329866
7307 0.331737
7308 0.324576
7309 0.333972
7310 0.339535
7311 0.334154
7312 0.329458
7313 0.330918
7314 0.332786
7315 0.337526
7316 0.337343
7317 0.328960
7318 0.348729
7319 0.330510
7320 0.323087
7321 0.332741
7322 0.333106
7323 0.324594
7324 0.329874
7325 0.344300
7326 0.329784
7327 0.330012
7328 0.346070
7329 0.327193
7330 0.331105
7331 0.323967
7332 0.333879
7333 0.334788
7334 0.335015
7335 0.334833
7336 0.333697
7337 0.336514
7338 0.332107
7339 0.327156
7340 0.337602
7341 0.328838
7342 0.337102
7343 0.332425
7344 0.334014
7345 0.332199
7346 0.337463
7347 0.328025
7348 0.329886
7349 0.342632
7350 0.336327
7351 0.333016
7352 0.335691
7353 0.334557
7354 0.336280
7355 0.325901
7356 0.337955
7357 0.334919
7358 0.333786
7359 0.323957
7360 0.331250
7361 0.325363
7362 0.327085
7363 0.328399
7364 0.335551
7365 0.337407
7366 0.341162
7367 0.324555
7368 0.332248
7369 0.337766
7370 0.339349
7371 0.336725
7372 0.334238
7373 0.328225
7374 0.337537
7375 0.330034
7376 0.332565
7377 0.337264
7378 0.338845
7379 0.328093
7380 0.327236
7381 0.347514
7382 0.331076
7383 0.334281
7384 0.331257
7385 0.335680
7386 0.330490
7387 0.331122
7388 0.333514
7389 0.333469
7390 0.334371
7391 0.327425
7392 0.340368
7393 0.331665
7394 0.326346
7395 0.337525
7396 0.340454
7397 0.339327
7398 0.330900
7399 0.332748
7400 0.333108
7401 0.335225
7402 0.343015
7403 0.328921
7404 0.326715
7405 0.333153
7406 0.326087
7407 0.329013
7408 0.339093
7409 0.345121
7410 0.335628
7411 0.335312
7412 0.331759
7413 0.332794
7414 0.329781
7415 0.334053
7416 0.334142
7417 0.335580
7418 0.328525
7419 0.341016
7420 0.322372
7421 0.340385
7422 0.337106
7423 0.325205
7424 0.338497
7425 0.333064
7426 0.340291
7427 0.326781
7428 0.322563
7429 0.341903
7430 0.327860
7431 0.339927
7432 0.336114
7433 0.332840
7434 0.336831
7435 0.338399
7436 0.337682
7437 0.324728
7438 0.331944
7439 0.332706
7440 0.325806
7441 0.330198
7442 0.320747
7443 0.329303
7444 0.343632
7445 0.337945
7446 0.332528
7447 0.326843
7448 0.328008
7449 0.329977
7450 0.331409
7451 0.329083
7452 0.328905
7453 0.336643
7454 0.337939
7455 0.334272
7456 0.323632
7457 0.344777
7458 0.326629
7459 0.333691
7460 0.333780
7461 0.325426
7462 0.337175
7463 0.338872
7464 0.325831
7465 0.337441
7466 0.330297
7467 0.342842
7468 0.336235
7469 0.338733
7470 0.335475
7471 0.327265
7472 0.327891
7473 0.334538
7474 0.328606
7475 0.333378
7476 0.331862
7477 0.333824
7478 0.338861
7479 0.331595
7480 0.339706
7481 0.331239
7482 0.330794
7483 0.331284
7484 0.342063
7485 0.333200
7486 0.332354
7487 0.342995
7488 0.333066
7489 0.328482
7490 0.338051
7491 0.340275
7492 0.337694
7493 0.338316
7494 0.339872
7495 0.334623
7496 0.330977
7497 0.343871
7498 0.327287
7499 0.340312
7500 0.339333
7501 0.326223
7502 0.331512
7503 0.336932
7504 0.336754
7505 0.343771
7506 0.333067
7507 0.337152
7508 0.329915
7509 0.329871
7510 0.327830
7511 0.334310
7512 0.321752
7513 0.338081
7514 0.334176
7515 0.336128
7516 0.337147
7517 0.333777
7518 0.336792
7519 0.340604
7520 0.337234
7521 0.330674
7522 0.323717
7523 0.330054
7524 0.337719
7525 0.331296
7526 0.329657
7527 0.329746
7528 0.330367
7529 0.330721
7530 0.344489
7531 0.336609
7532 0.347185
7533 0.335457
7534 0.321476
7535 0.326476
7536 0.340366
7537 0.338994
7538 0.330990
7539 0.333466
7540 0.321353
7541 0.334704
7542 0.330416
7543 0.335543
7544 0.335498
7545 0.335056
7546 0.338723
7547 0.351000
7548 0.342607
7549 0.331302
7550 0.333510
7551 0.338631
7552 0.330111
7553 0.327155
7554 0.333730
7555 0.330377
7556 0.330466
7557 0.329099
7558 0.323895
7559 0.329012
7560 0.338624
7561 0.337521
7562 0.334039
7563 0.330424
7564 0.337388
7565 0.338268
7566 0.323156
7567 0.333818
7568 0.324656
7569 0.322368
7570 0.326552
7571 0.333377
7572 0.332409
7573 0.335666
7574 0.335226
7575 0.324752
7576 0.331309
7577 0.336149
7578 0.336632
7579 0.340810
7580 0.336544
7581 0.337159
7582 0.340148
7583 0.331399
7584 0.336102
7585 0.335267
7586 0.341682
7587 0.333597
7588 0.347259
7589 0.332982
7590 0.331489
7591 0.338295
7592 0.333114
7593 0.337548
7594 0.331578
7595 0.339961
7596 0.336493
7597 0.330525
7598 0.336009
7599 0.335834
7600 0.335395
7601 0.331667
7602 0.330834
7603 0.333026
7604 0.331010
7605 0.331755
7606 0.335393
7607 0.330222
7608 0.330705
7609 0.330661
7610 0.323127
7611 0.327684
7612 0.335129
7613 0.339682
7614 0.343709
7615 0.337754
7616 0.341124
7617 0.338191
7618 0.337359
7619 0.340596
7620 0.330840
7621 0.333814
7622 0.329966
7623 0.332809
7624 0.327125
7625 0.332590
7626 0.335825
7627 0.327914
7628 0.330755
7629 0.340281
7630 0.328309
7631 0.337308
7632 0.333857
7633 0.329359
7634 0.335866
7635 0.332417
7636 0.328313
7637 0.335210
7638 0.329929
7639 0.335646
7640 0.335602
7641 0.337129
7642 0.331850
7643 0.339003
7644 0.336735
7645 0.326750
7646 0.334292
7647 0.319602
7648 0.321391
7649 0.335338
7650 0.332941
7651 0.324663
7652 0.334292
7653 0.335685
7654 0.325451
7655 0.337296
7656 0.334378
7657 0.335118
7658 0.338339
7659 0.331114
7660 0.336554
7661 0.329983
7662 0.337510
7663 0.333942
7664 0.334160
7665 0.324462
7666 0.331333
7667 0.335203
7668 0.343245
7669 0.334203
7670 0.323338
7671 0.330596
7672 0.326512
7673 0.329858
7674 0.330597
7675 0.339935
7676 0.333637
7677 0.329295
7678 0.330685
7679 0.334419
7680 0.335026
7681 0.330426
7682 0.338974
7683 0.334244
7684 0.331078
7685 0.336239
7686 0.337757
7687 0.336412
7688 0.332726
7689 0.341007
7690 0.335891
7691 0.332336
7692 0.325403
7693 0.333550
7694 0.338186
7695 0.334503
7696 0.337578
7697 0.334546
7698 0.331774
7699 0.336537
7700 0.343636
7701 0.328139
7702 0.338484
7703 0.340127
7704 0.333723
7705 0.331084
7706 0.333896
7707 0.332685
7708 0.339907
7709 0.322740
7710 0.330350
7711 0.329918
7712 0.334673
7713 0.341112
7714 0.329012
7715 0.334673
7716 0.336962
7717 0.338474
7718 0.338430
7719 0.330095
7720 0.332772
7721 0.345422
7722 0.334758
7723 0.329276
7724 0.335189
7725 0.336699
7726 0.337044
7727 0.330788
7728 0.335663
7729 0.338854
7730 0.341527
7731 0.330358
7732 0.324884
7733 0.335963
7734 0.331911
7735 0.345701
7736 0.333376
7737 0.328551
7738 0.327475
7739 0.335444
7740 0.334755
7741 0.332774
7742 0.332472
7743 0.342632
7744 0.326963
7745 0.333505
7746 0.336044
7747 0.333807
7748 0.330150
7749 0.337592
7750 0.333806
7751 0.337505
7752 0.333591
7753 0.335225
7754 0.331313
7755 0.326370
7756 0.333419
7757 0.339693
7758 0.332947
7759 0.332517
7760 0.338144
7761 0.331787
7762 0.333548
7763 0.331058
7764 0.329341
7765 0.332646
7766 0.319469
7767 0.334235
7768 0.334706
7769 0.341357
7770 0.342471
7771 0.329687
7772 0.334920
7773 0.336421
7774 0.333548
7775 0.325402
7776 0.335391
7777 0.333033
7778 0.337362
7779 0.329734
7780 0.341774
7781 0.332220
7782 0.332691
7783 0.346139
7784 0.343782
7785 0.336159
7786 0.335602
7787 0.332991
7788 0.329096
7789 0.326486
7790 0.335045
7791 0.337056
7792 0.331366
7793 0.342615
7794 0.336669
7795 0.332393
7796 0.336968
7797 0.325895
7798 0.332906
7799 0.336325
7800 0.340641
7801 0.327266
7802 0.340297
7803 0.323337
7804 0.334956
7805 0.328123
7806 0.333718
7807 0.336493
7808 0.342725
7809 0.334614
7810 0.329193
7811 0.331840
7812 0.337942
7813 0.332011
7814 0.331712
7815 0.323992
7816 0.339048
7817 0.327619
7818 0.325275
7819 0.331372
7820 0.332737
7821 0.341900
7822 0.327026
7823 0.336955
7824 0.333078
7825 0.329712
7826 0.342320
7827 0.336911
7828 0.328181
7829 0.331715
7830 0.325160
7831 0.325629
7832 0.332482
7833 0.328482
7834 0.342354
7835 0.331972
7836 0.339204
7837 0.332908
7838 0.332100
7839 0.329506
7840 0.331122
7841 0.329550
7842 0.332058
7843 0.326406
7844 0.338858
7845 0.326195
7846 0.330869
7847 0.327641
7848 0.335499
7849 0.327430
7850 0.320764
7851 0.327347
7852 0.333291
7853 0.337196
7854 0.337790
7855 0.328962
7856 0.342923
7857 0.335115
7858 0.337999
7859 0.341901
7860 0.333206
7861 0.322732
7862 0.339227
7863 0.343126
7864 0.323372
7865 0.345836
7866 0.330664
7867 0.329859
7868 0.336172
7869 0.337146
7870 0.333164
7871 0.334011
7872 0.336636
7873 0.330878
7874 0.321311
7875 0.331048
7876 0.324403
7877 0.330329
7878 0.324194
7879 0.320980
7880 0.339721
7881 0.328638
7882 0.335321
7883 0.334264
7884 0.333333
7885 0.342295
7886 0.338321
7887 0.334348
7888 0.334559
7889 0.323995
7890 0.335615
7891 0.328222
7892 0.330841
7893 0.339288
7894 0.344565
7895 0.333882
7896 0.334347
7897 0.331392
7898 0.328691
7899 0.341309
7900 0.331646
7901 0.327427
7902 0.336497
7903 0.337973
7904 0.330972
7905 0.323340
7906 0.344801
7907 0.331478
7908 0.330425
7909 0.330130
7910 0.327686
7911 0.330047
7912 0.331648
7913 0.337293
7914 0.342431
7915 0.339482
7916 0.332996
7917 0.334344
7918 0.332281
7919 0.331481
7920 0.334470
7921 0.330388
7922 0.331103
7923 0.328411
7924 0.333165
7925 0.333628
7926 0.326268
7927 0.337454
7928 0.336276
7929 0.327658
7930 0.334678
7931 0.343336
7932 0.333964
7933 0.335686
7934 0.337031
7935 0.322117
7936 0.333921
7937 0.327202
7938 0.328420
7939 0.334047
7940 0.332242
7941 0.337867
7942 0.339839
7943 0.331739
7944 0.336606
7945 0.325488
7946 0.326705
7947 0.334214
7948 0.329894
7949 0.323689
7950 0.326541
7951 0.332285
7952 0.337902
7953 0.339243
7954 0.334800
7955 0.339158
7956 0.332956
7957 0.334800
7958 0.342548
7959 0.340244
7960 0.334171
7961 0.332370
7962 0.337980
7963 0.332036
7964 0.329608
7965 0.340615
7966 0.340321
7967 0.339902
7968 0.332831
7969 0.328899
7970 0.330615
7971 0.335968
7972 0.340065
7973 0.331870
7974 0.340105
7975 0.332163
7976 0.330241
7977 0.337470
7978 0.333041
7979 0.339140
7980 0.332331
7981 0.335547
7982 0.332248
7983 0.336340
7984 0.345441
7985 0.330119
7986 0.331079
7987 0.325153
7988 0.340010
7989 0.322569
7990 0.332791
7991 0.334251
7992 0.330455
7993 0.328663
7994 0.334751
7995 0.329206
7996 0.347049
7997 0.340753
7998 0.332583
7999 0.331791
8000 0.338250
8001 0.327459
8002 0.328043
8003 0.333375
8004 0.332084
8005 0.333167
8006 0.342868
8007 0.334707
8008 0.335664
8009 0.336496
8010 0.343196
8011 0.334790
8012 0.337244
8013 0.338200
8014 0.335787
8015 0.337492
8016 0.327844
8017 0.326556
8018 0.337865
8019 0.345305
8020 0.339027
8021 0.328887
8022 0.334705
8023 0.336782
8024 0.334372
8025 0.334829
8026 0.329928
8027 0.325900
8028 0.338316
8029 0.331548
8030 0.332877
8031 0.342548
8032 0.329681
8033 0.325159
8034 0.325741
8035 0.327567
8036 0.335739
8037 0.334702
8038 0.342498
8039 0.329767
8040 0.335323
8041 0.340629
8042 0.336359
8043 0.332587
8044 0.331179
8045 0.328154
8046 0.337186
8047 0.328073
8048 0.344309
8049 0.336564
8050 0.328820
8051 0.340330
8052 0.342399
8053 0.325469
8054 0.328781
8055 0.332340
8056 0.321500
8057 0.331885
8058 0.339414
8059 0.333664
8060 0.335608
8061 0.330728
8062 0.342719
8063 0.330150
8064 0.339782
8065 0.338500
8066 0.333747
8067 0.331474
8068 0.324864
8069 0.326435
8070 0.336059
8071 0.331434
8072 0.330030
8073 0.338907
8074 0.331682
8075 0.335728
8076 0.339029
8077 0.328587
8078 0.326442
8079 0.339770
8080 0.339356
8081 0.338696
8082 0.328632
8083 0.326983
8084 0.320510
8085 0.329870
8086 0.334776
8087 0.328923
8088 0.334446
8089 0.334405
8090 0.337454
8091 0.326288
8092 0.325630
8093 0.327938
8094 0.345441
8095 0.329216
8096 0.342144
8097 0.333704
8098 0.336009
8099 0.336955
8100 0.340123
8101 0.336872
8102 0.333128
8103 0.334444
8104 0.333662
8105 0.331400
8106 0.329509
8107 0.329838
8108 0.323384
8109 0.332593
8110 0.346609
8111 0.333128
8112 0.325074
8113 0.341427
8114 0.336825
8115 0.329144
8116 0.331074
8117 0.334853
8118 0.340108
8119 0.332676
8120 0.331897
8121 0.336165
8122 0.338463
8123 0.329066
8124 0.336903
8125 0.332308
8126 0.331775
8127 0.331857
8128 0.325172
8129 0.338295
8130 0.333210
8131 0.335260
8132 0.330300
8133 0.322636
8134 0.342267
8135 0.336570
8136 0.333825
8137 0.330834
8138 0.333129
8139 0.338494
8140 0.330958
8141 0.338902
8142 0.341931
8143 0.328257
8144 0.332638
8145 0.336034
8146 0.340290
8147 0.326255
8148 0.334438
8149 0.334888
8150 0.340123
8151 0.335910
8152 0.335378
8153 0.335705
8154 0.333088
8155 0.336971
8156 0.332761
8157 0.336276
8158 0.331699
8159 0.340728
8160 0.335662
8161 0.339909
8162 0.332762
8163 0.322675
8164 0.327536
8165 0.332149
8166 0.326108
8167 0.346149
8168 0.329334
8169 0.339699
8170 0.329621
8171 0.330559
8172 0.333333
8173 0.326074
8174 0.336188
8175 0.332232
8176 0.329623
8177 0.332885
8178 0.334434
8179 0.328524
8180 0.333252
8181 0.340912
8182 0.326815
8183 0.336429
8184 0.338343
8185 0.329750
8186 0.337283
8187 0.332112
8188 0.341475
8189 0.329100
8190 0.341880
8191 0.328653
8192 0.339355
8193 0.326132
8194 0.339273
8195 0.341184
8196 0.328575
8197 0.344638
8198 0.323616
8199 0.330406
8200 0.334024
8201 0.332520
8202 0.333577
8203 0.329635
8204 0.339834
8205 0.339305
8206 0.339508
8207 0.323261
8208 0.340278
8209 0.335973
8210 0.328624
8211 0.329436
8212 0.325256
8213 0.333496
8214 0.334186
8215 0.332562
8216 0.329357
8217 0.330291
8218 0.336092
8219 0.321815
8220 0.330414
8221 0.333414
8222 0.328144
8223 0.338806
8224 0.334387
8225 0.334103
8226 0.332361
8227 0.326608
8228 0.334468
8229 0.336007
8230 0.338639
8231 0.333009
8232 0.331025
8233 0.338273
8234 0.327059
8235 0.328840
8236 0.335843
8237 0.319291
8238 0.337461
8239 0.333293
8240 0.328519
8241 0.338794
8242 0.330745
8243 0.334951
8244 0.340854
8245 0.330139
8246 0.327068
8247 0.335273
8248 0.335475
8249 0.338586
8250 0.336485
8251 0.332445
8252 0.332404
8253 0.332970
8254 0.328326
8255 0.323561
8256 0.336483
8257 0.330386
8258 0.338339
8259 0.337087
8260 0.332324
8261 0.334100
8262 0.332728
8263 0.335834
8264 0.328775
8265 0.326800
8266 0.340794
8267 0.341115
8268 0.333817
8269 0.334260
8270 0.328900
8271 0.329464
8272 0.337645
8273 0.329385
8274 0.335267
8275 0.325438
8276 0.334703
8277 0.337199
8278 0.325441
8279 0.323227
8280 0.330918
8281 0.329670
8282 0.320213
8283 0.322468
8284 0.335707
8285 0.341702
8286 0.330437
8287 0.331966
8288 0.335425
8289 0.328749
8290 0.329312
8291 0.333856
8292 0.332610
8293 0.340046
8294 0.329395
8295 0.333574
8296 0.337150
8297 0.323973
8298 0.338395
8299 0.329437
8300 0.331205
8301 0.331285
8302 0.329921
8303 0.332049
8304 0.335019
8305 0.349428
8306 0.338189
8307 0.338630
8308 0.335580
8309 0.328319
8310 0.325271
8311 0.329202
8312 0.325553
8313 0.335499
8314 0.337383
8315 0.334576
8316 0.336460
8317 0.323314
8318 0.332893
8319 0.331170
8320 0.326562
8321 0.331210
8322 0.324441
8323 0.328007
8324 0.342263
8325 0.336937
8326 0.332453
8327 0.340459
8328 0.339217
8329 0.328971
8330 0.333854
8331 0.329492
8332 0.331253
8333 0.329053
8334 0.330094
8335 0.331254
8336 0.326176
8337 0.334893
8338 0.331974
8339 0.327857
8340 0.325899
8341 0.327299
8342 0.333373
8343 0.337768
8344 0.337488
8345 0.327621
8346 0.329260
8347 0.327064
8348 0.334691
8349 0.342436
8350 0.334611
8351 0.337684
8352 0.333094
8353 0.326709
8354 0.333732
8355 0.329144
8356 0.334251
8357 0.337442
8358 0.337760
8359 0.326116
8360 0.335646
8361 0.329267
8362 0.332337
8363 0.323568
8364 0.331659
8365 0.332337
8366 0.332895
8367 0.330943
8368 0.335564
8369 0.331939
8370 0.326643
8371 0.333294
8372 0.338151
8373 0.333333
8374 0.334488
8375 0.330627
8376 0.331184
8377 0.328757
8378 0.338506
8379 0.339420
8380 0.333890
8381 0.331941
8382 0.337270
8383 0.332101
8384 0.322877
8385 0.332260
8386 0.331624
8387 0.337546
8388 0.334883
8389 0.330314
8390 0.334803
8391 0.327375
8392 0.336034
8393 0.333135
8394 0.336431
8395 0.339011
8396 0.335040
8397 0.332262
8398 0.331508
8399 0.329206
8400 0.333214
8401 0.337460
8402 0.326589
8403 0.332738
8404 0.339243
8405 0.332540
8406 0.334999
8407 0.326276
8408 0.330637
8409 0.334998
8410 0.335791
8411 0.333730
8412 0.332382
8413 0.336146
8414 0.329926
8415 0.337730
8416 0.335908
8417 0.331472
8418 0.332145
8419 0.336382
8420 0.327078
8421 0.332502
8422 0.330563
8423 0.332067
8424 0.335708
8425 0.343501
8426 0.334441
8427 0.325620
8428 0.343379
8429 0.340373
8430 0.336418
8431 0.332345
8432 0.338947
8433 0.336298
8434 0.335428
8435 0.329223
8436 0.336415
8437 0.340761
8438 0.332188
8439 0.338073
8440 0.330687
8441 0.336335
8442 0.325515
8443 0.332465
8444 0.335623
8445 0.336057
8446 0.338148
8447 0.327335
8448 0.327296
8449 0.333412
8450 0.332663
8451 0.334753
8452 0.333294
8453 0.329114
8454 0.329430
8455 0.328445
8456 0.331126
8457 0.339246
8458 0.324900
8459 0.335619
8460 0.340662
8461 0.349486
8462 0.343418
8463 0.337587
8464 0.325969
8465 0.335263
8466 0.336050
8467 0.330105
8468 0.328649
8469 0.331444
8470 0.334002
8471 0.339157
8472 0.331681
8473 0.331052
8474 0.338329
8475 0.336401
8476 0.332468
8477 0.334434
8478 0.324133
8479 0.332940
8480 0.331368
8481 0.332508
8482 0.335534
8483 0.339856
8484 0.331447
8485 0.335533
8486 0.332430
8487 0.338871
8488 0.336122
8489 0.334551
8490 0.332744
8491 0.339654
8492 0.335728
8493 0.336748
8494 0.343654
8495 0.333490
8496 0.332274
8497 0.319407
8498 0.333490
8499 0.340393
8500 0.338824
8501 0.338666
8502 0.333451
8503 0.335764
8504 0.334548
8505 0.335450
8506 0.320362
8507 0.333960
8508 0.335449
8509 0.336820
8510 0.338660
8511 0.332393
8512 0.334117
8513 0.326442
8514 0.335447
8515 0.340341
8516 0.326562
8517 0.333803
8518 0.332120
8519 0.340650
8520 0.332277
8521 0.337050
8522 0.335133
8523 0.332629
8524 0.333529
8525 0.333607
8526 0.333568
8527 0.332942
8528 0.333372
8529 0.329816
8530 0.334701
8531 0.335600
8532 0.334388
8533 0.333529
8534 0.333724
8535 0.332630
8536 0.329663
8537 0.325407
8538 0.330405
8539 0.338213
8540 0.329157
8541 0.320220
8542 0.341372
8543 0.335596
8544 0.332748
8545 0.334933
8546 0.333723
8547 0.325143
8548 0.327796
8549 0.326120
8550 0.334386
8551 0.331423
8552 0.327877
8553 0.338361
8554 0.323241
8555 0.326242
8556 0.322698
8557 0.336450
8558 0.329399
8559 0.328894
8560 0.332827
8561 0.331971
8562 0.328428
8563 0.337148
8564 0.342597
8565 0.333684
8566 0.336563
8567 0.335240
8568 0.333567
8569 0.326876
8570 0.335473
8571 0.328666
8572 0.333878
8573 0.339204
8574 0.340331
8575 0.337493
8576 0.331157
8577 0.334499
8578 0.332828
8579 0.328127
8580 0.325291
8581 0.328167
8582 0.330576
8583 0.327158
8584 0.338653
8585 0.329412
8586 0.330655
8587 0.331315
8588 0.334420
8589 0.338922
8590 0.335972
8591 0.329065
8592 0.345670
8593 0.336204
8594 0.329881
8595 0.333333
8596 0.334109
8597 0.339537
8598 0.329612
8599 0.330155
8600 0.335349
8601 0.329380
8602 0.331086
8603 0.326979
8604 0.328801
8605 0.337130
8606 0.338950
8607 0.333333
8608 0.335037
8609 0.329655
8610 0.335889
8611 0.342933
8612 0.325012
8613 0.336236
8614 0.335733
8615 0.332676
8616 0.333333
8617 0.333063
8618 0.334997
8619 0.333449
8620 0.331787
8621 0.330240
8622 0.338785
8623 0.328192
8624 0.345199
8625 0.326841
8626 0.335150
8627 0.333836
8628 0.334376
8629 0.338278
8630 0.333024
8631 0.328583
8632 0.324374
8633 0.340901
8634 0.338198
8635 0.340938
8636 0.342751
8637 0.326271
8638 0.331790
8639 0.333025
8640 0.333333
8641 0.322879
8642 0.338116
8643 0.344325
8644 0.329824
8645 0.335570
8646 0.332408
8647 0.331560
8648 0.336610
8649 0.332524
8650 0.332832
8651 0.330713
8652 0.329635
8653 0.324743
8654 0.334758
8655 0.332178
8656 0.334335
8657 0.331177
8658 0.328251
8659 0.335951
8660 0.331062
8661 0.332756
8662 0.339760
8663 0.335450
8664 0.332987
8665 0.337334
8666 0.331756
8667 0.334603
8668 0.332487
8669 0.336140
8670 0.328835
8671 0.328566
8672 0.339483
8673 0.331143
8674 0.331681
8675 0.333718
8676 0.341632
8677 0.329838
8678 0.323116
8679 0.327342
8680 0.333065
8681 0.332220
8682 0.337941
8683 0.325003
8684 0.328305
8685 0.325619
8686 0.333986
8687 0.328882
8688 0.334830
8689 0.344228
8690 0.333602
8691 0.342653
8692 0.336977
8693 0.342574
8694 0.320796
8695 0.330305
8696 0.330842
8697 0.329539
8698 0.331456
8699 0.340499
8700 0.333448
8701 0.347316
8702 0.333142
8703 0.332414
8704 0.333295
8705 0.332912
8706 0.331036
8707 0.326059
8708 0.335324
8709 0.333219
8710 0.325947
8711 0.335208
8712 0.338728
8713 0.331114
8714 0.338650
8715 0.335743
8716 0.327903
8717 0.335092
8718 0.330007
8719 0.336392
8720 0.333486
8721 0.326109
8722 0.327333
8723 0.325003
8724 0.333448
8725 0.330544
8726 0.338414
8727 0.335510
8728 0.332149
8729 0.325352
8730 0.328637
8731 0.334326
8732 0.327989
8733 0.338143
8734 0.334784
8735 0.333486
8736 0.332761
8737 0.324825
8738 0.331769
8739 0.339856
8740 0.321281
8741 0.328795
8742 0.328758
8743 0.333981
8744 0.338060
8745 0.344654
8746 0.335239
8747 0.331885
8748 0.333448
8749 0.326895
8750 0.340571
8751 0.328648
8752 0.325526
8753 0.337941
8754 0.333333
8755 0.326670
8756 0.332572
8757 0.342926
8758 0.340717
8759 0.331887
8760 0.336986
8761 0.331241
8762 0.338850
8763 0.338240
8764 0.335235
8765 0.340331
8766 0.339037
8767 0.333067
8768 0.333143
8769 0.333904
8770 0.334322
8771 0.330863
8772 0.326151
8773 0.334435
8774 0.327787
8775 0.335726
8776 0.337625
8777 0.338954
8778 0.330030
8779 0.339674
8780 0.324487
8781 0.336522
8782 0.329538
8783 0.334282
8784 0.332764
8785 0.327490
8786 0.329160
8787 0.324115
8788 0.326468
8789 0.338491
8790 0.337429
8791 0.326925
8792 0.339399
8793 0.336404
8794 0.342506
8795 0.338147
8796 0.333333
8797 0.329999
8798 0.329620
8799 0.331288
8800 0.332159
8801 0.335644
8802 0.333220
8803 0.336135
8804 0.336211
8805 0.323907
8806 0.342834
8807 0.325196
8808 0.324024
8809 0.337950
8810 0.323723
8811 0.337306
8812 0.324103
8813 0.334279
8814 0.335376
8815 0.325808
8816 0.335073
8817 0.340592
8818 0.327512
8819 0.336546
8820 0.332653
8821 0.330235
8822 0.335752
8823 0.331633
8824 0.339075
8825 0.332691
8826 0.338659
8827 0.330463
8828 0.332691
8829 0.332314
8830 0.344054
8831 0.340732
8832 0.334239
8833 0.340315
8834 0.336654
8835 0.338540
8836 0.334314
8837 0.335182
8838 0.336841
8839 0.329336
8840 0.340045
8841 0.328470
8842 0.337141
8843 0.328735
8844 0.336725
8845 0.335105
8846 0.338119
8847 0.334690
8848 0.338495
8849 0.332919
8850 0.324633
8851 0.336572
8852 0.333258
8853 0.323845
8854 0.326519
8855 0.337324
8856 0.335027
8857 0.327763
8858 0.332581
8859 0.339542
8860 0.332054
8861 0.332694
8862 0.329271
8863 0.329121
8864 0.327053
8865 0.326678
8866 0.334875
8867 0.335739
8868 0.339310
8869 0.330590
8870 0.320857
8871 0.340097
8872 0.331380
8873 0.332244
8874 0.336263
8875 0.326085
8876 0.337201
8877 0.338966
8878 0.330592
8879 0.337425
8880 0.332207
8881 0.333634
8882 0.345305
8883 0.333446
8884 0.336673
8885 0.331570
8886 0.331420
8887 0.329920
8888 0.323920
8889 0.326133
8890 0.336558
8891 0.337195
8892 0.327148
8893 0.340605
8894 0.332022
8895 0.328724
8896 0.336219
8897 0.335731
8898 0.325916
8899 0.338128
8900 0.331124
8901 0.335468
8902 0.334981
8903 0.332921
8904 0.332659
8905 0.338911
8906 0.327532
8907 0.332547
8908 0.335317
8909 0.339095
8910 0.335241
8911 0.329480
8912 0.338083
8913 0.331650
8914 0.335315
8915 0.338306
8916 0.342979
8917 0.329707
8918 0.344023
8919 0.336136
8920 0.340919
8921 0.333707
8922 0.331988
8923 0.334080
8924 0.339086
8925 0.340504
8926 0.326238
8927 0.338524
8928 0.322245
8929 0.324224
8930 0.330571
8931 0.326727
8932 0.338334
8933 0.327997
8934 0.338930
8935 0.334191
8936 0.340645
8937 0.340271
8938 0.336541
8939 0.337398
8940 0.334787
8941 0.329717
8942 0.325990
8943 0.333445
8944 0.332513
8945 0.345221
8946 0.329645
8947 0.330614
8948 0.338847
8949 0.333110
8950 0.332961
8951 0.329014
8952 0.329870
8953 0.327488
8954 0.327228
8955 0.326633
8956 0.332403
8957 0.329351
8958 0.336682
8959 0.335863
8960 0.330580
8961 0.337797
8962 0.333073
8963 0.334040
8964 0.332887
8965 0.334858
8966 0.321660
8967 0.333110
8968 0.336418
8969 0.338499
8970 0.328874
8971 0.334411
8972 0.325234
8973 0.333779
8974 0.333965
8975 0.327242
8976 0.332108
8977 0.347221
8978 0.331811
8979 0.327208
8980 0.338753
8981 0.331144
8982 0.335226
8983 0.335189
8984 0.331033
8985 0.338676
8986 0.332851
8987 0.326694
8988 0.331887
8989 0.328068
8990 0.333704
8991 0.330219
8992 0.328514
8993 0.325364
8994 0.340449
8995 0.328405
8996 0.331925
8997 0.331666
8998 0.342965
8999 0.329148
9000 0.338333
9001 0.328519
9002 0.328927
9003 0.329557
9004 0.328521
9005 0.331816
9006 0.330113
9007 0.331298
9008 0.329929
9009 0.324231
9010 0.330078
9011 0.343358
9012 0.337217
9013 0.331632
9014 0.329266
9015 0.337105
9016 0.333962
9017 0.332039
9018 0.332890
9019 0.332409
9020 0.325942
9021 0.326682
9022 0.319109
9023 0.334146
9024 0.333777
9025 0.337175
9026 0.340461
9027 0.339094
9028 0.334183
9029 0.332927
9030 0.330676
9031 0.326210
9032 0.335142
9033 0.337651
9034 0.326655
9035 0.329054
9036 0.332448
9037 0.334182
9038 0.332042
9039 0.338865
9040 0.325111
9041 0.337905
9042 0.326034
9043 0.321796
9044 0.335471
9045 0.336982
9046 0.333518
9047 0.328286
9048 0.335433
9049 0.326776
9050 0.330718
9051 0.340183
9052 0.330203
9053 0.339998
9054 0.328253
9055 0.327333
9056 0.336020
9057 0.335762
9058 0.320159
9059 0.330390
9060 0.337417
9061 0.329986
9062 0.325646
9063 0.325941
9064 0.337820
9065 0.331936
9066 0.333554
9067 0.330980
9068 0.335135
9069 0.336311
9070 0.342227
9071 0.331275
9072 0.336861
9073 0.330872
9074 0.330505
9075 0.335758
9076 0.324152
9077 0.338548
9078 0.335426
9079 0.336931
9080 0.333040
9081 0.335536
9082 0.333737
9083 0.333150
9084 0.342250
9085 0.336159
9086 0.339753
9087 0.322769
9088 0.333957
9089 0.329849
9090 0.328163
9091 0.339127
9092 0.329081
9093 0.330144
9094 0.338355
9095 0.334140
9096 0.338720
9097 0.340002
9098 0.340185
9099 0.333333
9100 0.335165
9101 0.326118
9102 0.333004
9103 0.335384
9104 0.335567
9105 0.335530
9106 0.333407
9107 0.330186
9108 0.335200
9109 0.336480
9110 0.338529
9111 0.329272
9112 0.329565
9113 0.332821
9114 0.333772
9115 0.332968
9116 0.335564
9117 0.331798
9118 0.327045
9119 0.331067
9120 0.335855
9121 0.333406
9122 0.335782
9123 0.325441
9124 0.331434
9125 0.334356
9126 0.339579
9127 0.332420
9128 0.341039
9129 0.340344
9130 0.329901
9131 0.340269
9132 0.332457
9133 0.342385
9134 0.331509
9135 0.339792
9136 0.325854
9137 0.333151
9138 0.337492
9139 0.342488
9140 0.335886
9141 0.326988
9142 0.334609
9143 0.335776
9144 0.340223
9145 0.332750
9146 0.326919
9147 0.330710
9148 0.325645
9149 0.329981
9150 0.331803
9151 0.328707
9152 0.328671
9153 0.336939
9154 0.330675
9155 0.337193
9156 0.337156
9157 0.330567
9158 0.329220
9159 0.328311
9160 0.337445
9161 0.328785
9162 0.330059
9163 0.330350
9164 0.332715
9165 0.327441
9166 0.328278
9167 0.340569
9168 0.330061
9169 0.342458
9170 0.327154
9171 0.329844
9172 0.336459
9173 0.336858
9174 0.330608
9175 0.332316
9176 0.327812
9177 0.334859
9178 0.335803
9179 0.338381
9180 0.340959
9181 0.331554
9182 0.328795
9183 0.332027
9184 0.337108
9185 0.324224
9186 0.332680
9187 0.341025
9188 0.331846
9189 0.330939
9190 0.339499
9191 0.325862
9192 0.330178
9193 0.332427
9194 0.329672
9195 0.320065
9196 0.336886
9197 0.331195
9198 0.325614
9199 0.324274
9200 0.338370
9201 0.323443
9202 0.324821
9203 0.339455
9204 0.332464
9205 0.334275
9206 0.327612
9207 0.330401
9208 0.327433
9209 0.339559
9210 0.331379
9211 0.328846
9212 0.324685
9213 0.328449
9214 0.327762
9215 0.332935
9216 0.327365
9217 0.332321
9218 0.334020
9219 0.333767
9220 0.332321
9221 0.329140
9222 0.343093
9223 0.331129
9224 0.330876
9225 0.327588
9226 0.334598
9227 0.336512
9228 0.331058
9229 0.331022
9230 0.329686
9231 0.326184
9232 0.334922
9233 0.331528
9234 0.337232
9235 0.326909
9236 0.336401
9237 0.332142
9238 0.333189
9239 0.325143
9240 0.333550
9241 0.330808
9242 0.335642
9243 0.337877
9244 0.331675
9245 0.333153
9246 0.330954
9247 0.333946
9248 0.332612
9249 0.336253
9250 0.340108
9251 0.329910
9252 0.334198
9253 0.325948
9254 0.341906
9255 0.338088
9256 0.343777
9257 0.332505
9258 0.327068
9259 0.341290
9260 0.340821
9261 0.333117
9262 0.323688
9263 0.332398
9264 0.322755
9265 0.332758
9266 0.336607
9267 0.320600
9268 0.333729
9269 0.320531
9270 0.335275
9271 0.326610
9272 0.331212
9273 0.336353
9274 0.342678
9275 0.321509
9276 0.330315
9277 0.337394
9278 0.325609
9279 0.335381
9280 0.339871
9281 0.333800
9282 0.336027
9283 0.342239
9284 0.331323
9285 0.338180
9286 0.319729
9287 0.336600
9288 0.339255
9289 0.341372
9290 0.341765
9291 0.334302
9292 0.329746
9293 0.339610
9294 0.337422
9295 0.335557
9296 0.332724
9297 0.336775
9298 0.338998
9299 0.343693
9300 0.335914
9301 0.328137
9302 0.338852
9303 0.333978
9304 0.332868
9305 0.330360
9306 0.331829
9307 0.329000
9308 0.327675
9309 0.331937
9310 0.325564
9311 0.334336
9312 0.334837
9313 0.332761
9314 0.331759
9315 0.343747
9316 0.341670
9317 0.334550
9318 0.330221
9319 0.339951
9320 0.337554
9321 0.339663
9322 0.332976
9323 0.336587
9324 0.329043
9325 0.339410
9326 0.346558
9327 0.330224
9328 0.335227
9329 0.330368
9330 0.331511
9331 0.337477
9332 0.331012
9333 0.333869
9334 0.322906
9335 0.330691
9336 0.328085
9337 0.334690
9338 0.321696
9339 0.336224
9340 0.334047
9341 0.333369
9342 0.336866
9343 0.334261
9344 0.335402
9345 0.336437
9346 0.344104
9347 0.331657
9348 0.334296
9349 0.333298
9350 0.329947
9351 0.335900
9352 0.341317
9353 0.334759
9354 0.330554
9355 0.325281
9356 0.325566
9357 0.333547
9358 0.329771
9359 0.338284
9360 0.332372
9361 0.337998
9362 0.334651
9363 0.329488
9364 0.327211
9365 0.335505
9366 0.339419
9367 0.340130
9368 0.340307
9369 0.333654
9370 0.335966
9371 0.328780
9372 0.332480
9373 0.336925
9374 0.330809
9375 0.338880
9376 0.333191
9377 0.336142
9378 0.334826
9379 0.340228
9380 0.335928
9381 0.338983
9382 0.334790
9383 0.328680
9384 0.330350
9385 0.330101
9386 0.336352
9387 0.331948
9388 0.329570
9389 0.331878
9390 0.334718
9391 0.333937
9392 0.337308
9393 0.335037
9394 0.335001
9395 0.330176
9396 0.335143
9397 0.331063
9398 0.334858
9399 0.321098
9400 0.337872
9401 0.332624
9402 0.330143
9403 0.336488
9404 0.329647
9405 0.329506
9406 0.336700
9407 0.326991
9408 0.329507
9409 0.330003
9410 0.332094
9411 0.327277
9412 0.336060
9413 0.333050
9414 0.328235
9415 0.335316
9416 0.327315
9417 0.328661
9418 0.345827
9419 0.327105
9420 0.333333
9421 0.329477
9422 0.334218
9423 0.329937
9424 0.329160
9425 0.340265
9426 0.332697
9427 0.332449
9428 0.329550
9429 0.329409
9430 0.336479
9431 0.328173
9432 0.335878
9433 0.318562
9434 0.323087
9435 0.330260
9436 0.339021
9437 0.334746
9438 0.323374
9439 0.336582
9440 0.329555
9441 0.333545
9442 0.325567
9443 0.335169
9444 0.331957
9445 0.331498
9446 0.335698
9447 0.343389
9448 0.335838
9449 0.342470
9450 0.338624
9451 0.335626
9452 0.336648
9453 0.327304
9454 0.330865
9455 0.332205
9456 0.335343
9457 0.340277
9458 0.330937
9459 0.343905
9460 0.337844
9461 0.332206
9462 0.335658
9463 0.338476
9464 0.333263
9465 0.328473
9466 0.330129
9467 0.334002
9468 0.337452
9469 0.329813
9470 0.331151
9471 0.333439
9472 0.341427
9473 0.329040
9474 0.331750
9475 0.342480
9476 0.337273
9477 0.337449
9478 0.333615
9479 0.334740
9480 0.337342
9481 0.337834
9482 0.334845
9483 0.334493
9484 0.338254
9485 0.335582
9486 0.331014
9487 0.340677
9488 0.342643
9489 0.330593
9490 0.327924
9491 0.338004
9492 0.334703
9493 0.333720
9494 0.336634
9495 0.332596
9496 0.337511
9497 0.329578
9498 0.342388
9499 0.343826
9500 0.341579
9501 0.334386
9502 0.328773
9503 0.333263
9504 0.338384
9505 0.335297
9506 0.326741
9507 0.336068
9508 0.338662
9509 0.326428
9510 0.336488
9511 0.342235
9512 0.327271
9513 0.321350
9514 0.329199
9515 0.336311
9516 0.339849
9517 0.333403
9518 0.328115
9519 0.338376
9520 0.330672
9521 0.334104
9522 0.331128
9523 0.331933
9524 0.333683
9525 0.339843
9526 0.331724
9527 0.326651
9528 0.331024
9529 0.335502
9530 0.349108
9531 0.333858
9532 0.338754
9533 0.323088
9534 0.329872
9535 0.333928
9536 0.331271
9537 0.334382
9538 0.323129
9539 0.333788
9540 0.333229
9541 0.332041
9542 0.337455
9543 0.338154
9544 0.323449
9545 0.330749
9546 0.333333
9547 0.339583
9548 0.333892
9549 0.329459
9550 0.339162
9551 0.331484
9552 0.336579
9553 0.340312
9554 0.334729
9555 0.343694
9556 0.339054
9557 0.337554
9558 0.339088
9559 0.336437
9560 0.329184
9561 0.336576
9562 0.333612
9563 0.338388
9564 0.332706
9565 0.324412
9566 0.328141
9567 0.329361
9568 0.332044
9569 0.333682
9570 0.336468
9571 0.328701
9572 0.329398
9573 0.340959
9574 0.344057
9575 0.337755
9576 0.333960
9577 0.336327
9578 0.334517
9579 0.340223
9580 0.337370
9581 0.339631
9582 0.341578
9583 0.334446
9584 0.327942
9585 0.336776
9586 0.326309
9587 0.341087
9588 0.332499
9589 0.326833
9590 0.320751
9591 0.326139
9592 0.329233
9593 0.327218
9594 0.333333
9595 0.330485
9596 0.341392
9597 0.342190
9598 0.331840
9599 0.335972
9600 0.333229
9601 0.332570
9602 0.334826
9603 0.333750
9604 0.331216
9605 0.327746
9606 0.328336
9607 0.322994
9608 0.325562
9609 0.334062
9610 0.336524
9611 0.331495
9612 0.332397
9613 0.335795
9614 0.329207
9615 0.344878
9616 0.335899
9617 0.337839
9618 0.331774
9619 0.330596
9620 0.339397
9621 0.335308
9622 0.334650
9623 0.334615
9624 0.336347
9625 0.336727
9626 0.330044
9627 0.331256
9628 0.329663
9629 0.337418
9630 0.330426
9631 0.328107
9632 0.332745
9633 0.326482
9634 0.336309
9635 0.330462
9636 0.338418
9637 0.342638
9638 0.334405
9639 0.335097
9640 0.339938
9641 0.333160
9642 0.333022
9643 0.331640
9644 0.322480
9645 0.334474
9646 0.335061
9647 0.332539
9648 0.332815
9649 0.334957
9650 0.321451
9651 0.335095
9652 0.324389
9653 0.330364
9654 0.338513
9655 0.331849
9656 0.326326
9657 0.340893
9658 0.330814
9659 0.330365
9660 0.330435
9661 0.338060
9662 0.327675
9663 0.327952
9664 0.331954
9665 0.329333
9666 0.336127
9667 0.341471
9668 0.337298
9669 0.333850
9670 0.334023
9671 0.344328
9672 0.339847
9673 0.336814
9674 0.337296
9675 0.335504
9676 0.329992
9677 0.336365
9678 0.327134
9679 0.348796
9680 0.336570
9681 0.328065
9682 0.336811
9683 0.332955
9684 0.328790
9685 0.335364
9686 0.332232
9687 0.339630
9688 0.330822
9689 0.340489
9690 0.334881
9691 0.330306
9692 0.331820
9693 0.341174
9694 0.331030
9695 0.336050
9696 0.331786
9697 0.340002
9698 0.327593
9699 0.337973
9700 0.337216
9701 0.336666
9702 0.334467
9703 0.336494
9704 0.336974
9705 0.330654
9706 0.328251
9707 0.333059
9708 0.332509
9709 0.339891
9710 0.339032
9711 0.336835
9712 0.321355
9713 0.337383
9714 0.335907
9715 0.335152
9716 0.327089
9717 0.335289
9718 0.341325
9719 0.337895
9720 0.336008
9721 0.342146
9722 0.335013
9723 0.330454
9724 0.335150
9725 0.332134
9726 0.328912
9727 0.330832
9728 0.325247
9729 0.341762
9730 0.321583
9731 0.330490
9732 0.335491
9733 0.339258
9734 0.341073
9735 0.337648
9736 0.333094
9737 0.333984
9738 0.328712
9739 0.338433
9740 0.331725
9741 0.335079
9742 0.334223
9743 0.332136
9744 0.337028
9745 0.329708
9746 0.330289
9747 0.340002
9748 0.336479
9749 0.329162
9750 0.326564
9751 0.335350
9752 0.336649
9753 0.336512
9754 0.342629
9755 0.334290
9756 0.335793
9757 0.330737
9758 0.333777
9759 0.334460
9760 0.334939
9761 0.333880
9762 0.330875
9763 0.330329
9764 0.337259
9765 0.333743
9766 0.330227
9767 0.330091
9768 0.327703
9769 0.329614
9770 0.335517
9771 0.335892
9772 0.339235
9773 0.333674
9774 0.335380
9775 0.328184
9776 0.335413
9777 0.333333
9778 0.332072
9779 0.334901
9780 0.330777
9781 0.331152
9782 0.328767
9783 0.332311
9784 0.334832
9785 0.327133
9786 0.333027
9787 0.334219
9788 0.337454
9789 0.322709
9790 0.337385
9791 0.329384
9792 0.334048
9793 0.331359
9794 0.343884
9795 0.336804
9796 0.330951
9797 0.331938
9798 0.338028
9799 0.334626
9800 0.336327
9801 0.330476
9802 0.326464
9803 0.333061
9804 0.329661
9805 0.329730
9806 0.338772
9807 0.333843
9808 0.325143
9809 0.323784
9810 0.325178
9811 0.331363
9812 0.338769
9813 0.322022
9814 0.337987
9815 0.336526
9816 0.342706
9817 0.341550
9818 0.335608
9819 0.338426
9820 0.329532
9821 0.328785
9822 0.333130
9823 0.332587
9824 0.335912
9825 0.329059
9826 0.336149
9827 0.336624
9828 0.337200
9829 0.327297
9830 0.334283
9831 0.337402
9832 0.335028
9833 0.325638
9834 0.333943
9835 0.336655
9836 0.343839
9837 0.325404
9838 0.332995
9839 0.331030
9840 0.339736
9841 0.335332
9842 0.338447
9843 0.334552
9844 0.330760
9845 0.330929
9846 0.332521
9847 0.335737
9848 0.335093
9849 0.338613
9850 0.337157
9851 0.333367
9852 0.337901
9853 0.329849
9854 0.338137
9855 0.333739
9856 0.329951
9857 0.335396
9858 0.327957
9859 0.334415
9860 0.325558
9861 0.334753
9862 0.335429
9863 0.336713
9864 0.334246
9865 0.338469
9866 0.336509
9867 0.325631
9868 0.333401
9869 0.334279
9870 0.331510
9871 0.336237
9872 0.335089
9873 0.330396
9874 0.330261
9875 0.324658
9876 0.332726
9877 0.344740
9878 0.336809
9879 0.336471
9880 0.336842
9881 0.341463
9882 0.338494
9883 0.323687
9884 0.336908
9885 0.338493
9886 0.334412
9887 0.338626
9888 0.335862
9889 0.331075
9890 0.334681
9891 0.339298
9892 0.332087
9893 0.328313
9894 0.331211
9895 0.334917
9896 0.333569
9897 0.333839
9898 0.335724
9899 0.331246
9900 0.332828
9901 0.334411
9902 0.339729
9903 0.330708
9904 0.325828
9905 0.335285
9906 0.342621
9907 0.330776
9908 0.329027
9909 0.331920
9910 0.333300
9911 0.332560
9912 0.335250
9913 0.329870
9914 0.343655
9915 0.333333
9916 0.329770
9917 0.335081
9918 0.333233
9919 0.341063
9920 0.334476
9921 0.325572
9922 0.336323
9923 0.330344
9924 0.337162
9925 0.332695
9926 0.335785
9927 0.331319
9928 0.340451
9929 0.340921
9930 0.335448
9931 0.345182
9932 0.337596
9933 0.328904
9934 0.336924
9935 0.330549
9936 0.331220
9937 0.324041
9938 0.334474
9939 0.336553
9940 0.339336
9941 0.334675
9942 0.332931
9943 0.327366
9944 0.326428
9945 0.338160
9946 0.327267
9947 0.332060
9948 0.329312
9949 0.332998
9950 0.330251
9951 0.334841
9952 0.331692
9953 0.338792
9954 0.335242
9955 0.332597
9956 0.336782
9957 0.334539
9958 0.336714
9959 0.334371
9960 0.338855
9961 0.330890
9962 0.330958
9963 0.330523
9964 0.331694
9965 0.328349
9966 0.337849
9967 0.335808
9968 0.332163
9969 0.328819
9970 0.336108
9971 0.334169
9972 0.329222
9973 0.331395
9974 0.342390
9975 0.339449
9976 0.338613
9977 0.341385
9978 0.332231
9979 0.331396
9980 0.339479
9981 0.331530
9982 0.335504
9983 0.334769
9984 0.325721
9985 0.340010
9986 0.323753
9987 0.329328
9988 0.337305
9989 0.326860
9990 0.331832
9991 0.336002
9992 0.342174
9993 0.331232
9994 0.326496
9995 0.334467
9996 0.331633
9997 0.332800
9998 0.330766
9999 0.333133
10000 0.336100
10001 0.336466
10002 0.336933
10003 0.340398
10004 0.333267
10005 0.336132
10006 0.333100
10007 0.335565
10008 0.336431
10009 0.322710
10010 0.332468
10011 0.337828
10012 0.336097
10013 0.334365
10014 0.320352
10015 0.338392
10016 0.331669
10017 0.343017
10018 0.334099
10019 0.338058
10020 0.334232
10021 0.329907
10022 0.332568
10023 0.333832
10024 0.339385
10025 0.325187
10026 0.333633
10027 0.333599
10028 0.336458
10029 0.337621
10030 0.337587
10031 0.336856
10032 0.333234
10033 0.330609
10034 0.328782
10035 0.332935
10036 0.334297
10037 0.331274
10038 0.335027
10039 0.342066
10040 0.337749
10041 0.331740
10042 0.333201
10043 0.333566
10044 0.335325
10045 0.339174
10046 0.335656
10047 0.338011
10048 0.330115
10049 0.338641
10050 0.330050
10051 0.342155
10052 0.337445
10053 0.330946
10054 0.338074
10055 0.332571
10056 0.327367
10057 0.328627
10058 0.323126
10059 0.335719
10060 0.336581
10061 0.333665
10062 0.331147
10063 0.332903
10064 0.337440
10065 0.333929
10066 0.329823
10067 0.339426
10068 0.342173
10069 0.335287
10070 0.332175
10071 0.334326
10072 0.345413
10073 0.327708
10074 0.328569
10075 0.335087
10076 0.326221
10077 0.330952
10078 0.336674
10079 0.323544
10080 0.336905
10081 0.338458
10082 0.334457
10083 0.326986
10084 0.325565
10085 0.328607
10086 0.342356
10087 0.331318
10088 0.336638
10089 0.326891
10090 0.329336
10091 0.328511
10092 0.333333
10093 0.335084
10094 0.335051
10095 0.337890
10096 0.342710
10097 0.327721
10098 0.335611
10099 0.331518
10100 0.333168
10101 0.330561
10102 0.339339
10103 0.331486
10104 0.337886
10105 0.327759
10106 0.342173
10107 0.337687
10108 0.329145
10109 0.331685
10110 0.328684
10111 0.331817
10112 0.336630
10113 0.329180
10114 0.333992
10115 0.334750
10116 0.331060
10117 0.336760
10118 0.331884
10119 0.333037
10120 0.338241
10121 0.337318
10122 0.331753
10123 0.339326
10124 0.331786
10125 0.328691
10126 0.336066
10127 0.334946
10128 0.339159
10129 0.327476
10130 0.336525
10131 0.329681
10132 0.336459
10133 0.330110
10134 0.336787
10135 0.343167
10136 0.334846
10137 0.337773
10138 0.328763
10139 0.324095
10140 0.330178
10141 0.336653
10142 0.334648
10143 0.340530
10144 0.333498
10145 0.330508
10146 0.339247
10147 0.330344
10148 0.333662
10149 0.333826
10150 0.334877
10151 0.336617
10152 0.334023
10153 0.340195
10154 0.326078
10155 0.332053
10156 0.336156
10157 0.332874
10158 0.334416
10159 0.340585
10160 0.332579
10161 0.327232
10162 0.332218
10163 0.329529
10164 0.328709
10165 0.330546
10166 0.333563
10167 0.328907
10168 0.330744
10169 0.329728
10170 0.339528
10171 0.337332
10172 0.332186
10173 0.337462
10174 0.321211
10175 0.326388
10176 0.335692
10177 0.334381
10178 0.335331
10179 0.338638
10180 0.333301
10181 0.340242
10182 0.328521
10183 0.334675
10184 0.333366
10185 0.331566
10186 0.334282
10187 0.327084
10188 0.332254
10189 0.325253
10190 0.333072
10191 0.329408
10192 0.333595
10193 0.331306
10194 0.331764
10195 0.333104
10196 0.335916
10197 0.330097
10198 0.336831
10199 0.335327
10200 0.336667
10201 0.332418
10202 0.334150
10203 0.343330
10204 0.330067
10205 0.330818
10206 0.331472
10207 0.337611
10208 0.336795
10209 0.339994
10210 0.329873
10211 0.335521
10212 0.327262
10213 0.333986
10214 0.329548
10215 0.346451
10216 0.338195
10217 0.337673
10218 0.333921
10219 0.331833
10220 0.331311
10221 0.339791
10222 0.327725
10223 0.338453
10224 0.335387
10225 0.336333
10226 0.327401
10227 0.335778
10228 0.321373
10229 0.342360
10230 0.322678
10231 0.339947
10232 0.330825
10233 0.335776
10234 0.343854
10235 0.329751
10236 0.329328
10237 0.336036
10238 0.334538
10239 0.335580
10240 0.328613
10241 0.330827
10242 0.335286
10243 0.338963
10244 0.344006
10245 0.326306
10246 0.331349
10247 0.328584
10248 0.333138
10249 0.325202
10250 0.327317
10251 0.346308
10252 0.341592
10253 0.322150
10254 0.330505
10255 0.329010
10256 0.339509
10257 0.336258
10258 0.324430
10259 0.333463
10260 0.330409
10261 0.340513
10262 0.331222
10263 0.338887
10264 0.337588
10265 0.326936
10266 0.331093
10267 0.334957
10268 0.321289
10269 0.334599
10270 0.334664
10271 0.334924
10272 0.334015
10273 0.336319
10274 0.334339
10275 0.328467
10276 0.336902
10277 0.337063
10278 0.330123
10279 0.332814
10280 0.326070
10281 0.326914
10282 0.333690
10283 0.337645
10284 0.334792
10285 0.330676
10286 0.318588
10287 0.340721
10288 0.331163
10289 0.334338
10290 0.340525
10291 0.337285
10292 0.330645
10293 0.333042
10294 0.326987
10295 0.327926
10296 0.328768
10297 0.331553
10298 0.330