Main;Probabilite
1-1;0.066010
1-2;0.267350
1-3;0.267880
2-1;0.265260
2-2;0.066730
2-3;0.266280
3-3;0.266910
,,,0,-1.#IND00
,,,1,0.000000
,,,2,1.000000
,,,3,0.000000
,,,4,0.000000
,,,5,0.400000
,,,6,0.166667
,,,7,0.142857
,,,8,0.375000
,,,9,0.222222
,,,10,0.500000
,,,11,0.090909
,,,12,0.250000
,,,13,0.307692
,,,14,0.142857
,,,15,0.400000
,,,16,0.437500
,,,17,0.235294
,,,18,0.277778
,,,19,0.157895
,,,20,0.300000
,,,21,0.190476
,,,22,0.227273
,,,23,0.086957
,,,24,0.333333
,,,25,0.320000
,,,26,0.192308
,,,27,0.259259
,,,28,0.214286
,,,29,0.241379
,,,30,0.300000
,,,31,0.258065
,,,32,0.375000
,,,33,0.181818
,,,34,0.205882
,,,35,0.400000
,,,36,0.305556
,,,37,0.216216
,,,38,0.263158
,,,39,0.230769
,,,40,0.300000
,,,41,0.219512
,,,42,0.380952
,,,43,0.325581
,,,44,0.295455
,,,45,0.355556
,,,46,0.304348
,,,47,0.212766
,,,48,0.270833
,,,49,0.224490
,,,50,0.280000
,,,51,0.235294
,,,52,0.326923
,,,53,0.226415
,,,54,0.148148
,,,55,0.290909
,,,56,0.303571
,,,57,0.298246
,,,58,0.241379
,,,59,0.203390
,,,60,0.266667
,,,61,0.295082
,,,62,0.274194
,,,63,0.333333
,,,64,0.343750
,,,65,0.384615
,,,66,0.257576
,,,67,0.298507
,,,68,0.338235
,,,69,0.260870
,,,70,0.257143
,,,71,0.225352
,,,72,0.277778
,,,73,0.246575
,,,74,0.229730
,,,75,0.440000
,,,76,0.302632
,,,77,0.272727
,,,78,0.205128
,,,79,0.291139
,,,80,0.312500
,,,81,0.185185
,,,82,0.280488
,,,83,0.253012
,,,84,0.297619
,,,85,0.223529
,,,86,0.186047
,,,87,0.241379
,,,88,0.170455
,,,89,0.224719
,,,90,0.311111
,,,91,0.252747
,,,92,0.282609
,,,93,0.311828
,,,94,0.287234
,,,95,0.263158
,,,96,0.250000
,,,97,0.237113
,,,98,0.224490
,,,99,0.313131
,,,100,0.270000
,,,101,0.257426
,,,102,0.284314
,,,103,0.291262
,,,104,0.250000
,,,105,0.285714
,,,106,0.292453
,,,107,0.252336
,,,108,0.296296
,,,109,0.293578
,,,110,0.290909
,,,111,0.333333
,,,112,0.276786
,,,113,0.230088
,,,114,0.254386
,,,115,0.243478
,,,116,0.241379
,,,117,0.256410
,,,118,0.271186
,,,119,0.260504
,,,120,0.233333
,,,121,0.239669
,,,122,0.295082
,,,123,0.284553
,,,124,0.306452
,,,125,0.304000
,,,126,0.253968
,,,127,0.307087
,,,128,0.218750
,,,129,0.232558
,,,130,0.276923
,,,131,0.175573
,,,132,0.196970
,,,133,0.233083
,,,134,0.253731
,,,135,0.229630
,,,136,0.257353
,,,137,0.233577
,,,138,0.239130
,,,139,0.273381
,,,140,0.242857
,,,141,0.262411
,,,142,0.260563
,,,143,0.356643
,,,144,0.298611
,,,145,0.241379
,,,146,0.308219
,,,147,0.244898
,,,148,0.304054
,,,149,0.308725
,,,150,0.286667
,,,151,0.251656
,,,152,0.309211
,,,153,0.248366
,,,154,0.285714
,,,155,0.303226
,,,156,0.230769
,,,157,0.235669
,,,158,0.265823
,,,159,0.276730
,,,160,0.256250
,,,161,0.254658
,,,162,0.240741
,,,163,0.233129
,,,164,0.292683
,,,165,0.266667
,,,166,0.295181
,,,167,0.233533
,,,168,0.232143
,,,169,0.254438
,,,170,0.241176
,,,171,0.245614
,,,172,0.244186
,,,173,0.231214
,,,174,0.241379
,,,175,0.251429
,,,176,0.272727
,,,177,0.254237
,,,178,0.280899
,,,179,0.329609
,,,180,0.272222
,,,181,0.248619
,,,182,0.236264
,,,183,0.278689
,,,184,0.222826
,,,185,0.216216
,,,186,0.322581
,,,187,0.251337
,,,188,0.271277
,,,189,0.253968
,,,190,0.310526
,,,191,0.287958
,,,192,0.244792
,,,193,0.259067
,,,194,0.288660
,,,195,0.282051
,,,196,0.270408
,,,197,0.284264
,,,198,0.237374
,,,199,0.221106
,,,200,0.290000
,,,201,0.343284
,,,202,0.222772
,,,203,0.236453
,,,204,0.269608
,,,205,0.317073
,,,206,0.247573
,,,207,0.275362
,,,208,0.312500
,,,209,0.239234
,,,210,0.252381
,,,211,0.251185
,,,212,0.264151
,,,213,0.253521
,,,214,0.252336
,,,215,0.260465
,,,216,0.282407
,,,217,0.253456
,,,218,0.302752
,,,219,0.228311
,,,220,0.231818
,,,221,0.294118
,,,222,0.229730
,,,223,0.278027
,,,224,0.316964
,,,225,0.240000
,,,226,0.292035
,,,227,0.273128
,,,228,0.315789
,,,229,0.235808
,,,230,0.256522
,,,231,0.246753
,,,232,0.262931
,,,233,0.278970
,,,234,0.256410
,,,235,0.221277
,,,236,0.343220
,,,237,0.282700
,,,238,0.310924
,,,239,0.263598
,,,240,0.220833
,,,241,0.282158
,,,242,0.243802
,,,243,0.288066
,,,244,0.270492
,,,245,0.248980
,,,246,0.223577
,,,247,0.218623
,,,248,0.294355
,,,249,0.269076
,,,250,0.268000
,,,251,0.239044
,,,252,0.277778
,,,253,0.225296
,,,254,0.283465
,,,255,0.294118
,,,256,0.250000
,,,257,0.322957
,,,258,0.240310
,,,259,0.266409
,,,260,0.257692
,,,261,0.268199
,,,262,0.255725
,,,263,0.285171
,,,264,0.257576
,,,265,0.245283
,,,266,0.304511
,,,267,0.277154
,,,268,0.250000
,,,269,0.267658
,,,270,0.251852
,,,271,0.239852
,,,272,0.297794
,,,273,0.282051
,,,274,0.273723
,,,275,0.287273
,,,276,0.300725
,,,277,0.285199
,,,278,0.244604
,,,279,0.247312
,,,280,0.235714
,,,281,0.220641
,,,282,0.294326
,,,283,0.229682
,,,284,0.267606
,,,285,0.249123
,,,286,0.241259
,,,287,0.292683
,,,288,0.225694
,,,289,0.266436
,,,290,0.272414
,,,291,0.281787
,,,292,0.256849
,,,293,0.255973
,,,294,0.312925
,,,295,0.261017
,,,296,0.297297
,,,297,0.272727
,,,298,0.238255
,,,299,0.284281
,,,300,0.240000
,,,301,0.292359
,,,302,0.284768
,,,303,0.290429
,,,304,0.263158
,,,305,0.262295
,,,306,0.238562
,,,307,0.296417
,,,308,0.292208
,,,309,0.242718
,,,310,0.241935
,,,311,0.257235
,,,312,0.240385
,,,313,0.246006
,,,314,0.264331
,,,315,0.257143
,,,316,0.259494
,,,317,0.331230
,,,318,0.270440
,,,319,0.300940
,,,320,0.240625
,,,321,0.280374
,,,322,0.282609
,,,323,0.263158
,,,324,0.271605
,,,325,0.246154
,,,326,0.279141
,,,327,0.284404
,,,328,0.253049
,,,329,0.291793
,,,330,0.281818
,,,331,0.253776
,,,332,0.240964
,,,333,0.294294
,,,334,0.227545
,,,335,0.280597
,,,336,0.238095
,,,337,0.305638
,,,338,0.272189
,,,339,0.283186
,,,340,0.255882
,,,341,0.249267
,,,342,0.280702
,,,343,0.268222
,,,344,0.267442
,,,345,0.295652
,,,346,0.265896
,,,347,0.198847
,,,348,0.261494
,,,349,0.255014
,,,350,0.285714
,,,351,0.219373
,,,352,0.284091
,,,353,0.269122
,,,354,0.279661
,,,355,0.267606
,,,356,0.244382
,,,357,0.285714
,,,358,0.259777
,,,359,0.278552
,,,360,0.300000
,,,361,0.268698
,,,362,0.265193
,,,363,0.272727
,,,364,0.304945
,,,365,0.246575
,,,366,0.273224
,,,367,0.280654
,,,368,0.263587
,,,369,0.295393
,,,370,0.270270
,,,371,0.293801
,,,372,0.225806
,,,373,0.270777
,,,374,0.283422
,,,375,0.269333
,,,376,0.263298
,,,377,0.241379
,,,378,0.275132
,,,379,0.261214
,,,380,0.278947
,,,381,0.278215
,,,382,0.256545
,,,383,0.232376
,,,384,0.226563
,,,385,0.251948
,,,386,0.264249
,,,387,0.227390
,,,388,0.273196
,,,389,0.239075
,,,390,0.261538
,,,391,0.319693
,,,392,0.247449
,,,393,0.262087
,,,394,0.286802
,,,395,0.237975
,,,396,0.275253
,,,397,0.261965
,,,398,0.263819
,,,399,0.265664
,,,400,0.262500
,,,401,0.261845
,,,402,0.273632
,,,403,0.235732
,,,404,0.287129
,,,405,0.269136
,,,406,0.283251
,,,407,0.272727
,,,408,0.242647
,,,409,0.281174
,,,410,0.297561
,,,411,0.243309
,,,412,0.279126
,,,413,0.285714
,,,414,0.256039
,,,415,0.255422
,,,416,0.264423
,,,417,0.263789
,,,418,0.282297
,,,419,0.274463
,,,420,0.278571
,,,421,0.242280
,,,422,0.267773
,,,423,0.255319
,,,424,0.280660
,,,425,0.280000
,,,426,0.298122
,,,427,0.288056
,,,428,0.247664
,,,429,0.275058
,,,430,0.246512
,,,431,0.262181
,,,432,0.293981
,,,433,0.260970
,,,434,0.267281
,,,435,0.273563
,,,436,0.261468
,,,437,0.251716
,,,438,0.235160
,,,439,0.291572
,,,440,0.256818
,,,441,0.310658
,,,442,0.269231
,,,443,0.282167
,,,444,0.304054
,,,445,0.296629
,,,446,0.237668
,,,447,0.239374
,,,448,0.256696
,,,449,0.247216
,,,450,0.231111
,,,451,0.299335
,,,452,0.303097
,,,453,0.273731
,,,454,0.257709
,,,455,0.254945
,,,456,0.219298
,,,457,0.280088
,,,458,0.255459
,,,459,0.276688
,,,460,0.271739
,,,461,0.284165
,,,462,0.316017
,,,463,0.259179
,,,464,0.265086
,,,465,0.258065
,,,466,0.287554
,,,467,0.256959
,,,468,0.275641
,,,469,0.289979
,,,470,0.242553
,,,471,0.222930
,,,472,0.281780
,,,473,0.281184
,,,474,0.270042
,,,475,0.265263
,,,476,0.273109
,,,477,0.266247
,,,478,0.284519
,,,479,0.252610
,,,480,0.262500
,,,481,0.266112
,,,482,0.263485
,,,483,0.271222
,,,484,0.208678
,,,485,0.263918
,,,486,0.238683
,,,487,0.287474
,,,488,0.250000
,,,489,0.278119
,,,490,0.259184
,,,491,0.270876
,,,492,0.245935
,,,493,0.273834
,,,494,0.279352
,,,495,0.278788
,,,496,0.272177
,,,497,0.311871
,,,498,0.275100
,,,499,0.292585
,,,500,0.272000
,,,501,0.261477
,,,502,0.239044
,,,503,0.280318
,,,504,0.251984
,,,505,0.249505
,,,506,0.274704
,,,507,0.266272
,,,508,0.246063
,,,509,0.261297
,,,510,0.247059
,,,511,0.225049
,,,512,0.240234
,,,513,0.286550
,,,514,0.258755
,,,515,0.256311
,,,516,0.271318
,,,517,0.286267
,,,518,0.268340
,,,519,0.281310
,,,520,0.280769
,,,521,0.272553
,,,522,0.273946
,,,523,0.300191
,,,524,0.248092
,,,525,0.280000
,,,526,0.230038
,,,527,0.275142
,,,528,0.265152
,,,529,0.253308
,,,530,0.267925
,,,531,0.276836
,,,532,0.287594
,,,533,0.273921
,,,534,0.284644
,,,535,0.282243
,,,536,0.264925
,,,537,0.262570
,,,538,0.275093
,,,539,0.274583
,,,540,0.262963
,,,541,0.279113
,,,542,0.276753
,,,543,0.296501
,,,544,0.237132
,,,545,0.277064
,,,546,0.254579
,,,547,0.243144
,,,548,0.253650
,,,549,0.269581
,,,550,0.267273
,,,551,0.281307
,,,552,0.307971
,,,553,0.280289
,,,554,0.296029
,,,555,0.277477
,,,556,0.258993
,,,557,0.269300
,,,558,0.295699
,,,559,0.254025
,,,560,0.285714
,,,561,0.258467
,,,562,0.238434
,,,563,0.303730
,,,564,0.244681
,,,565,0.238938
,,,566,0.273852
,,,567,0.280423
,,,568,0.308099
,,,569,0.237258
,,,570,0.266667
,,,571,0.260946
,,,572,0.255245
,,,573,0.296684
,,,574,0.303136
,,,575,0.246957
,,,576,0.263889
,,,577,0.246101
,,,578,0.238754
,,,579,0.260794
,,,580,0.277586
,,,581,0.280551
,,,582,0.281787
,,,583,0.295026
,,,584,0.279110
,,,585,0.266667
,,,586,0.249147
,,,587,0.258944
,,,588,0.272109
,,,589,0.264856
,,,590,0.283051
,,,591,0.272420
,,,592,0.273649
,,,593,0.274874
,,,594,0.269360
,,,595,0.263866
,,,596,0.239933
,,,597,0.256281
,,,598,0.267559
,,,599,0.273790
,,,600,0.291667
,,,601,0.257903
,,,602,0.303987
,,,603,0.280265
,,,604,0.256623
,,,605,0.262810
,,,606,0.295380
,,,607,0.253707
,,,608,0.277961
,,,609,0.274220
,,,610,0.259016
,,,611,0.256956
,,,612,0.250000
,,,613,0.277325
,,,614,0.255700
,,,615,0.261789
,,,616,0.262987
,,,617,0.260940
,,,618,0.289644
,,,619,0.252019
,,,620,0.293548
,,,621,0.219002
,,,622,0.236334
,,,623,0.279294
,,,624,0.278846
,,,625,0.272000
,,,626,0.223642
,,,627,0.264753
,,,628,0.269108
,,,629,0.260731
,,,630,0.274603
,,,631,0.264659
,,,632,0.302215
,,,633,0.236967
,,,634,0.233438
,,,635,0.251969
,,,636,0.227987
,,,637,0.274725
,,,638,0.253918
,,,639,0.269171
,,,640,0.250000
,,,641,0.252730
,,,642,0.250779
,,,643,0.269051
,,,644,0.245342
,,,645,0.293023
,,,646,0.250774
,,,647,0.258114
,,,648,0.257716
,,,649,0.272727
,,,650,0.264615
,,,651,0.271889
,,,652,0.239264
,,,653,0.283308
,,,654,0.262997
,,,655,0.273282
,,,656,0.275915
,,,657,0.261796
,,,658,0.285714
,,,659,0.276176
,,,660,0.274242
,,,661,0.267776
,,,662,0.312689
,,,663,0.251885
,,,664,0.265060
,,,665,0.255639
,,,666,0.231231
,,,667,0.253373
,,,668,0.318862
,,,669,0.289985
,,,670,0.264179
,,,671,0.253353
,,,672,0.238095
,,,673,0.292719
,,,674,0.250742
,,,675,0.256296
,,,676,0.282544
,,,677,0.251108
,,,678,0.241888
,,,679,0.265096
,,,680,0.254412
,,,681,0.251101
,,,682,0.253666
,,,683,0.250366
,,,684,0.261696
,,,685,0.275912
,,,686,0.253644
,,,687,0.266376
,,,688,0.281977
,,,689,0.256894
,,,690,0.266667
,,,691,0.261939
,,,692,0.261561
,,,693,0.268398
,,,694,0.278098
,,,695,0.230216
,,,696,0.261494
,,,697,0.243902
,,,698,0.295129
,,,699,0.283262
,,,700,0.257143
,,,701,0.253923
,,,702,0.240741
,,,703,0.266003
,,,704,0.292614
,,,705,0.270922
,,,706,0.271955
,,,707,0.253182
,,,708,0.286723
,,,709,0.262341
,,,710,0.288732
,,,711,0.236287
,,,712,0.273876
,,,713,0.263675
,,,714,0.264706
,,,715,0.251748
,,,716,0.263966
,,,717,0.262204
,,,718,0.250696
,,,719,0.275382
,,,720,0.283333
,,,721,0.299584
,,,722,0.263158
,,,723,0.271093
,,,724,0.273481
,,,725,0.277241
,,,726,0.254821
,,,727,0.276479
,,,728,0.276099
,,,729,0.249657
,,,730,0.282192
,,,731,0.272230
,,,732,0.260929
,,,733,0.251023
,,,734,0.264305
,,,735,0.255782
,,,736,0.278533
,,,737,0.276798
,,,738,0.272358
,,,739,0.297700
,,,740,0.285135
,,,741,0.256410
,,,742,0.276280
,,,743,0.236878
,,,744,0.266129
,,,745,0.268456
,,,746,0.270777
,,,747,0.273092
,,,748,0.270053
,,,749,0.249666
,,,750,0.264000
,,,751,0.266312
,,,752,0.248670
,,,753,0.266932
,,,754,0.271883
,,,755,0.278146
,,,756,0.298942
,,,757,0.301189
,,,758,0.270449
,,,759,0.288538
,,,760,0.273684
,,,761,0.279895
,,,762,0.279528
,,,763,0.271298
,,,764,0.278796
,,,765,0.256209
,,,766,0.258486
,,,767,0.279009
,,,768,0.253906
,,,769,0.257477
,,,770,0.283117
,,,771,0.281453
,,,772,0.288860
,,,773,0.265201
,,,774,0.289406
,,,775,0.291613
,,,776,0.280928
,,,777,0.261261
,,,778,0.241645
,,,779,0.296534
,,,780,0.225641
,,,781,0.248399
,,,782,0.281330
,,,783,0.264368
,,,784,0.269133
,,,785,0.273885
,,,786,0.251908
,,,787,0.255400
,,,788,0.239848
,,,789,0.259823
,,,790,0.278481
,,,791,0.284450
,,,792,0.303030
,,,793,0.258512
,,,794,0.240554
,,,795,0.286792
,,,796,0.277638
,,,797,0.292346
,,,798,0.263158
,,,799,0.257822
,,,800,0.260000
,,,801,0.288390
,,,802,0.269327
,,,803,0.252802
,,,804,0.273632
,,,805,0.243478
,,,806,0.249380
,,,807,0.271375
,,,808,0.278465
,,,809,0.280593
,,,810,0.266667
,,,811,0.279901
,,,812,0.279557
,,,813,0.263223
,,,814,0.244472
,,,815,0.261350
,,,816,0.253676
,,,817,0.258262
,,,818,0.282396
,,,819,0.266178
,,,820,0.271951
,,,821,0.269184
,,,822,0.266423
,,,823,0.260024
,,,824,0.269417
,,,825,0.249697
,,,826,0.255448
,,,827,0.252721
,,,828,0.236715
,,,829,0.252111
,,,830,0.268675
,,,831,0.273165
,,,832,0.282452
,,,833,0.242497
,,,834,0.268585
,,,835,0.273054
,,,836,0.275120
,,,837,0.236559
,,,838,0.288783
,,,839,0.259833
,,,840,0.260714
,,,841,0.291320
,,,842,0.264846
,,,843,0.288256
,,,844,0.272512
,,,845,0.274556
,,,846,0.244681
,,,847,0.288076
,,,848,0.259434
,,,849,0.287397
,,,850,0.258824
,,,851,0.271445
,,,852,0.252347
,,,853,0.261430
,,,854,0.261124
,,,855,0.265497
,,,856,0.297897
,,,857,0.254376
,,,858,0.241259
,,,859,0.250291
,,,860,0.306977
,,,861,0.269454
,,,862,0.262181
,,,863,0.241020
,,,864,0.271991
,,,865,0.269364
,,,866,0.254042
,,,867,0.261822
,,,868,0.291475
,,,869,0.243959
,,,870,0.259770
,,,871,0.267509
,,,872,0.270642
,,,873,0.290951
,,,874,0.268879
,,,875,0.238857
,,,876,0.256849
,,,877,0.278221
,,,878,0.263098
,,,879,0.266212
,,,880,0.230682
,,,881,0.257662
,,,882,0.275510
,,,883,0.236693
,,,884,0.289593
,,,885,0.247458
,,,886,0.251693
,,,887,0.298760
,,,888,0.274775
,,,889,0.272216
,,,890,0.269663
,,,891,0.288440
,,,892,0.269058
,,,893,0.244121
,,,894,0.252796
,,,895,0.242458
,,,896,0.270089
,,,897,0.258640
,,,898,0.267261
,,,899,0.256952
,,,900,0.257778
,,,901,0.261931
,,,902,0.286031
,,,903,0.267996
,,,904,0.257743
,,,905,0.267403
,,,906,0.284768
,,,907,0.256891
,,,908,0.237885
,,,909,0.272827
,,,910,0.264835
,,,911,0.287596
,,,912,0.258772
,,,913,0.315444
,,,914,0.271335
,,,915,0.264481
,,,916,0.257642
,,,917,0.264995
,,,918,0.285403
,,,919,0.261153
,,,920,0.271739
,,,921,0.259501
,,,922,0.266811
,,,923,0.254605
,,,924,0.275974
,,,925,0.262703
,,,926,0.251620
,,,927,0.270766
,,,928,0.276940
,,,929,0.274489
,,,930,0.280645
,,,931,0.234157
,,,932,0.271459
,,,933,0.256163
,,,934,0.255889
,,,935,0.265241
,,,936,0.277778
,,,937,0.276414
,,,938,0.267591
,,,939,0.280085
,,,940,0.282979
,,,941,0.259299
,,,942,0.254777
,,,943,0.230117
,,,944,0.260593
,,,945,0.253968
,,,946,0.274841
,,,947,0.273495
,,,948,0.252110
,,,949,0.272919
,,,950,0.268421
,,,951,0.271293
,,,952,0.304622
,,,953,0.267576
,,,954,0.266247
,,,955,0.271204
,,,956,0.290795
,,,957,0.270637
,,,958,0.272443
,,,959,0.256517
,,,960,0.259375
,,,961,0.262227
,,,962,0.283784
,,,963,0.256490
,,,964,0.263485
,,,965,0.268394
,,,966,0.277433
,,,967,0.263702
,,,968,0.287190
,,,969,0.257998
,,,970,0.253608
,,,971,0.272915
,,,972,0.291152
,,,973,0.245632
,,,974,0.267967
,,,975,0.258462
,,,976,0.256148
,,,977,0.271238
,,,978,0.241309
,,,979,0.256384
,,,980,0.279592
,,,981,0.266055
,,,982,0.249491
,,,983,0.256358
,,,984,0.264228
,,,985,0.265990
,,,986,0.258621
,,,987,0.258359
,,,988,0.261134
,,,989,0.260870
,,,990,0.268687
,,,991,0.271443
,,,992,0.269153
,,,993,0.299094
,,,994,0.266600
,,,995,0.250251
,,,996,0.264056
,,,997,0.266800
,,,998,0.241483
,,,999,0.267267
,,,1000,0.261000
,,,1001,0.268731
,,,1002,0.234531
,,,1003,0.261216
,,,1004,0.288845
,,,1005,0.288557
,,,1006,0.264414
,,,1007,0.272095
,,,1008,0.257937
,,,1009,0.244797
,,,1010,0.277228
,,,1011,0.260138
,,,1012,0.263834
,,,1013,0.268509
,,,1014,0.265286
,,,1015,0.285714
,,,1016,0.262795
,,,1017,0.249754
,,,1018,0.241650
,,,1019,0.262022
,,,1020,0.267647
,,,1021,0.258570
,,,1022,0.271037
,,,1023,0.248289
,,,1024,0.231445
,,,1025,0.271220
,,,1026,0.250487
,,,1027,0.281402
,,,1028,0.256809
,,,1029,0.307094
,,,1030,0.253398
,,,1031,0.261882
,,,1032,0.281008
,,,1033,0.285576
,,,1034,0.250484
,,,1035,0.257971
,,,1036,0.270270
,,,1037,0.253616
,,,1038,0.250482
,,,1039,0.271415
,,,1040,0.279808
,,,1041,0.276657
,,,1042,0.257198
,,,1043,0.257910
,,,1044,0.272989
,,,1045,0.265072
,,,1046,0.252390
,,,1047,0.254059
,,,1048,0.238550
,,,1049,0.231649
,,,1050,0.267619
,,,1051,0.290200
,,,1052,0.284221
,,,1053,0.267806
,,,1054,0.256167
,,,1055,0.283412
,,,1056,0.250947
,,,1057,0.266793
,,,1058,0.260870
,,,1059,0.266289
,,,1060,0.274528
,,,1061,0.265787
,,,1062,0.261770
,,,1063,0.267168
,,,1064,0.257519
,,,1065,0.246948
,,,1066,0.280488
,,,1067,0.268041
,,,1068,0.276217
,,,1069,0.277830
,,,1070,0.271028
,,,1071,0.275444
,,,1072,0.263060
,,,1073,0.260951
,,,1074,0.260708
,,,1075,0.262326
,,,1076,0.271375
,,,1077,0.283194
,,,1078,0.260668
,,,1079,0.273401
,,,1080,0.250000
,,,1081,0.261795
,,,1082,0.273567
,,,1083,0.278855
,,,1084,0.255535
,,,1085,0.264516
,,,1086,0.272560
,,,1087,0.264029
,,,1088,0.242647
,,,1089,0.278237
,,,1090,0.279817
,,,1091,0.247479
,,,1092,0.271978
,,,1093,0.265325
,,,1094,0.282450
,,,1095,0.265753
,,,1096,0.281022
,,,1097,0.273473
,,,1098,0.276867
,,,1099,0.238399
,,,1100,0.264545
,,,1101,0.256131
,,,1102,0.268603
,,,1103,0.253853
,,,1104,0.279891
,,,1105,0.272398
,,,1106,0.273056
,,,1107,0.247516
,,,1108,0.262635
,,,1109,0.269612
,,,1110,0.260360
,,,1111,0.274527
,,,1112,0.231115
,,,1113,0.271339
,,,1114,0.261221
,,,1115,0.272646
,,,1116,0.247312
,,,1117,0.265891
,,,1118,0.245975
,,,1119,0.269884
,,,1120,0.284821
,,,1121,0.283675
,,,1122,0.265597
,,,1123,0.256456
,,,1124,0.230427
,,,1125,0.272889
,,,1126,0.274423
,,,1127,0.259982
,,,1128,0.261525
,,,1129,0.258636
,,,1130,0.251327
,,,1131,0.282935
,,,1132,0.250883
,,,1133,0.271845
,,,1134,0.261023
,,,1135,0.251982
,,,1136,0.261444
,,,1137,0.270009
,,,1138,0.278559
,,,1139,0.269535
,,,1140,0.256140
,,,1141,0.277826
,,,1142,0.274081
,,,1143,0.267717
,,,1144,0.268357
,,,1145,0.269869
,,,1146,0.294066
,,,1147,0.266783
,,,1148,0.256098
,,,1149,0.271540
,,,1150,0.263478
,,,1151,0.267593
,,,1152,0.263021
,,,1153,0.287077
,,,1154,0.259965
,,,1155,0.272727
,,,1156,0.257785
,,,1157,0.278306
,,,1158,0.281520
,,,1159,0.274374
,,,1160,0.284483
,,,1161,0.267873
,,,1162,0.278830
,,,1163,0.293207
,,,1164,0.281787
,,,1165,0.262661
,,,1166,0.284734
,,,1167,0.257926
,,,1168,0.263699
,,,1169,0.265184
,,,1170,0.266667
,,,1171,0.263877
,,,1172,0.268771
,,,1173,0.274510
,,,1174,0.258092
,,,1175,0.281702
,,,1176,0.277211
,,,1177,0.266780
,,,1178,0.284380
,,,1179,0.244275
,,,1180,0.263559
,,,1181,0.287892
,,,1182,0.290186
,,,1183,0.278952
,,,1184,0.277027
,,,1185,0.270042
,,,1186,0.253794
,,,1187,0.250211
,,,1188,0.257576
,,,1189,0.275862
,,,1190,0.278992
,,,1191,0.244332
,,,1192,0.266779
,,,1193,0.269908
,,,1194,0.280570
,,,1195,0.261088
,,,1196,0.262542
,,,1197,0.236424
,,,1198,0.271285
,,,1199,0.256047
,,,1200,0.262500
,,,1201,0.280600
,,,1202,0.267055
,,,1203,0.277639
,,,1204,0.266611
,,,1205,0.249793
,,,1206,0.266169
,,,1207,0.268434
,,,1208,0.265728
,,,1209,0.279570
,,,1210,0.246281
,,,1211,0.265070
,,,1212,0.261551
,,,1213,0.252267
,,,1214,0.265239
,,,1215,0.267490
,,,1216,0.259868
,,,1217,0.262120
,,,1218,0.266010
,,,1219,0.270714
,,,1220,0.257377
,,,1221,0.275184
,,,1222,0.265139
,,,1223,0.287817
,,,1224,0.261438
,,,1225,0.227755
,,,1226,0.283850
,,,1227,0.278729
,,,1228,0.250814
,,,1229,0.262002
,,,1230,0.273984
,,,1231,0.256702
,,,1232,0.258929
,,,1233,0.263585
,,,1234,0.276337
,,,1235,0.267206
,,,1236,0.258900
,,,1237,0.266774
,,,1238,0.268174
,,,1239,0.264730
,,,1240,0.254839
,,,1241,0.273973
,,,1242,0.275362
,,,1243,0.276750
,,,1244,0.256431
,,,1245,0.268273
,,,1246,0.279294
,,,1247,0.267041
,,,1248,0.260417
,,,1249,0.253002
,,,1250,0.248000
,,,1251,0.250999
,,,1252,0.262780
,,,1253,0.263368
,,,1254,0.288676
,,,1255,0.278884
,,,1256,0.275478
,,,1257,0.243437
,,,1258,0.271860
,,,1259,0.274821
,,,1260,0.261905
,,,1261,0.252974
,,,1262,0.256735
,,,1263,0.256532
,,,1264,0.250000
,,,1265,0.275889
,,,1266,0.262243
,,,1267,0.247040
,,,1268,0.294953
,,,1269,0.267139
,,,1270,0.252756
,,,1271,0.271440
,,,1272,0.275943
,,,1273,0.271013
,,,1274,0.265306
,,,1275,0.268235
,,,1276,0.253918
,,,1277,0.252153
,,,1278,0.259781
,,,1279,0.270524
,,,1280,0.270313
,,,1281,0.265418
,,,1282,0.275351
,,,1283,0.268901
,,,1284,0.259346
,,,1285,0.273930
,,,1286,0.261275
,,,1287,0.242424
,,,1288,0.267857
,,,1289,0.258340
,,,1290,0.255039
,,,1291,0.271108
,,,1292,0.260836
,,,1293,0.252900
,,,1294,0.283617
,,,1295,0.264093
,,,1296,0.250000
,,,1297,0.265998
,,,1298,0.275039
,,,1299,0.260970
,,,1300,0.240769
,,,1301,0.280553
,,,1302,0.266513
,,,1303,0.259401
,,,1304,0.273773
,,,1305,0.277395
,,,1306,0.238132
,,,1307,0.277735
,,,1308,0.255352
,,,1309,0.279603
,,,1310,0.242748
,,,1311,0.243326
,,,1312,0.275152
,,,1313,0.250571
,,,1314,0.297565
,,,1315,0.282890
,,,1316,0.263678
,,,1317,0.268793
,,,1318,0.264795
,,,1319,0.269143
,,,1320,0.289394
,,,1321,0.269493
,,,1322,0.238275
,,,1323,0.272109
,,,1324,0.259819
,,,1325,0.261887
,,,1326,0.267722
,,,1327,0.268274
,,,1328,0.283886
,,,1329,0.264108
,,,1330,0.264662
,,,1331,0.260706
,,,1332,0.281532
,,,1333,0.246812
,,,1334,0.272114
,,,1335,0.265918
,,,1336,0.256737
,,,1337,0.259536
,,,1338,0.263079
,,,1339,0.253921
,,,1340,0.253731
,,,1341,0.264728
,,,1342,0.249627
,,,1343,0.279970
,,,1344,0.264137
,,,1345,0.259480
,,,1346,0.279346
,,,1347,0.277654
,,,1348,0.280415
,,,1349,0.265382
,,,1350,0.271111
,,,1351,0.272391
,,,1352,0.281805
,,,1353,0.265336
,,,1354,0.267356
,,,1355,0.251661
,,,1356,0.277286
,,,1357,0.293294
,,,1358,0.272459
,,,1359,0.259750
,,,1360,0.268382
,,,1361,0.264511
,,,1362,0.268722
,,,1363,0.257520
,,,1364,0.262463
,,,1365,0.259341
,,,1366,0.286969
,,,1367,0.258961
,,,1368,0.269737
,,,1369,0.246165
,,,1370,0.261314
,,,1371,0.264770
,,,1372,0.268222
,,,1373,0.256373
,,,1374,0.283115
,,,1375,0.264000
,,,1376,0.275436
,,,1377,0.249818
,,,1378,0.264151
,,,1379,0.252357
,,,1380,0.265942
,,,1381,0.254888
,,,1382,0.247467
,,,1383,0.263196
,,,1384,0.252890
,,,1385,0.274368
,,,1386,0.273449
,,,1387,0.249459
,,,1388,0.257925
,,,1389,0.257019
,,,1390,0.272662
,,,1391,0.257369
,,,1392,0.267960
,,,1393,0.259871
,,,1394,0.241750
,,,1395,0.267384
,,,1396,0.266476
,,,1397,0.269148
,,,1398,0.284692
,,,1399,0.271623
,,,1400,0.254286
,,,1401,0.281941
,,,1402,0.255350
,,,1403,0.267997
,,,1404,0.247863
,,,1405,0.249110
,,,1406,0.275249
,,,1407,0.253021
,,,1408,0.254972
,,,1409,0.282470
,,,1410,0.265957
,,,1411,0.257264
,,,1412,0.274079
,,,1413,0.273178
,,,1414,0.260255
,,,1415,0.278445
,,,1416,0.251412
,,,1417,0.262526
,,,1418,0.259520
,,,1419,0.256519
,,,1420,0.278169
,,,1421,0.258973
,,,1422,0.253868
,,,1423,0.276880
,,,1424,0.277388
,,,1425,0.270175
,,,1426,0.272090
,,,1427,0.277505
,,,1428,0.248599
,,,1429,0.261721
,,,1430,0.255245
,,,1431,0.263452
,,,1432,0.273743
,,,1433,0.248430
,,,1434,0.264296
,,,1435,0.271080
,,,1436,0.285515
,,,1437,0.286013
,,,1438,0.273992
,,,1439,0.272411
,,,1440,0.258333
,,,1441,0.260930
,,,1442,0.254508
,,,1443,0.273735
,,,1444,0.265235
,,,1445,0.275433
,,,1446,0.271784
,,,1447,0.275743
,,,1448,0.268646
,,,1449,0.271222
,,,1450,0.253103
,,,1451,0.272226
,,,1452,0.278237
,,,1453,0.248451
,,,1454,0.288171
,,,1455,0.263230
,,,1456,0.258242
,,,1457,0.271105
,,,1458,0.272977
,,,1459,0.254969
,,,1460,0.262329
,,,1461,0.277207
,,,1462,0.264706
,,,1463,0.259740
,,,1464,0.251366
,,,1465,0.292833
,,,1466,0.269441
,,,1467,0.264485
,,,1468,0.274523
,,,1469,0.275017
,,,1470,0.257143
,,,1471,0.261047
,,,1472,0.247283
,,,1473,0.276986
,,,1474,0.265943
,,,1475,0.273898
,,,1476,0.266938
,,,1477,0.266080
,,,1478,0.265223
,,,1479,0.279919
,,,1480,0.272973
,,,1481,0.271438
,,,1482,0.262483
,,,1483,0.266352
,,,1484,0.270216
,,,1485,0.272727
,,,1486,0.279946
,,,1487,0.280430
,,,1488,0.279570
,,,1489,0.255876
,,,1490,0.265101
,,,1491,0.282361
,,,1492,0.242627
,,,1493,0.259210
,,,1494,0.261044
,,,1495,0.257525
,,,1496,0.275401
,,,1497,0.251837
,,,1498,0.258344
,,,1499,0.255504
,,,1500,0.263333
,,,1501,0.267821
,,,1502,0.270972
,,,1503,0.265469
,,,1504,0.258644
,,,1505,0.262458
,,,1506,0.262284
,,,1507,0.266092
,,,1508,0.277851
,,,1509,0.263751
,,,1510,0.261589
,,,1511,0.273329
,,,1512,0.271164
,,,1513,0.262393
,,,1514,0.283355
,,,1515,0.263366
,,,1516,0.252639
,,,1517,0.278181
,,,1518,0.261528
,,,1519,0.253456
,,,1520,0.265789
,,,1521,0.261012
,,,1522,0.258213
,,,1523,0.290217
,,,1524,0.262467
,,,1525,0.266230
,,,1526,0.247051
,,,1527,0.277014
,,,1528,0.263089
,,,1529,0.264879
,,,1530,0.257516
,,,1531,0.261920
,,,1532,0.272846
,,,1533,0.262883
,,,1534,0.273142
,,,1535,0.265798
,,,1536,0.255208
,,,1537,0.258946
,,,1538,0.265930
,,,1539,0.256010
,,,1540,0.264935
,,,1541,0.256976
,,,1542,0.248379
,,,1543,0.259235
,,,1544,0.262953
,,,1545,0.256311
,,,1546,0.272316
,,,1547,0.254686
,,,1548,0.271318
,,,1549,0.271143
,,,1550,0.255484
,,,1551,0.263056
,,,1552,0.262887
,,,1553,0.258854
,,,1554,0.281853
,,,1555,0.290032
,,,1556,0.261568
,,,1557,0.236352
,,,1558,0.268935
,,,1559,0.266838
,,,1560,0.255128
,,,1561,0.276746
,,,1562,0.281690
,,,1563,0.266795
,,,1564,0.281330
,,,1565,0.258147
,,,1566,0.268199
,,,1567,0.254627
,,,1568,0.278061
,,,1569,0.265137
,,,1570,0.285350
,,,1571,0.273074
,,,1572,0.270356
,,,1573,0.277177
,,,1574,0.236341
,,,1575,0.269206
,,,1576,0.272208
,,,1577,0.249207
,,,1578,0.265526
,,,1579,0.259025
,,,1580,0.259494
,,,1581,0.264390
,,,1582,0.247155
,,,1583,0.269109
,,,1584,0.248106
,,,1585,0.267508
,,,1586,0.255990
,,,1587,0.260239
,,,1588,0.285894
,,,1589,0.271240
,,,1590,0.260377
,,,1591,0.269013
,,,1592,0.265704
,,,1593,0.274325
,,,1594,0.250941
,,,1595,0.267712
,,,1596,0.250000
,,,1597,0.284909
,,,1598,0.262829
,,,1599,0.252033
,,,1600,0.264375
,,,1601,0.267333
,,,1602,0.265918
,,,1603,0.256394
,,,1604,0.268080
,,,1605,0.274143
,,,1606,0.288917
,,,1607,0.266335
,,,1608,0.257463
,,,1609,0.269111
,,,1610,0.267081
,,,1611,0.240223
,,,1612,0.277295
,,,1613,0.272784
,,,1614,0.254647
,,,1615,0.262539
,,,1616,0.278465
,,,1617,0.273964
,,,1618,0.265760
,,,1619,0.246448
,,,1620,0.251235
,,,1621,0.289944
,,,1622,0.287916
,,,1623,0.258780
,,,1624,0.267857
,,,1625,0.252308
,,,1626,0.268143
,,,1627,0.268593
,,,1628,0.261671
,,,1629,0.267649
,,,1630,0.255828
,,,1631,0.280196
,,,1632,0.272059
,,,1633,0.262707
,,,1634,0.270502
,,,1635,0.288073
,,,1636,0.269560
,,,1637,0.241295
,,,1638,0.255189
,,,1639,0.262355
,,,1640,0.250610
,,,1641,0.242535
,,,1642,0.261876
,,,1643,0.270846
,,,1644,0.259124
,,,1645,0.268085
,,,1646,0.282503
,,,1647,0.268367
,,,1648,0.265170
,,,1649,0.290479
,,,1650,0.265455
,,,1651,0.256208
,,,1652,0.251211
,,,1653,0.280702
,,,1654,0.266022
,,,1655,0.263444
,,,1656,0.275362
,,,1657,0.263730
,,,1658,0.267189
,,,1659,0.264014
,,,1660,0.268072
,,,1661,0.270319
,,,1662,0.270758
,,,1663,0.262778
,,,1664,0.279447
,,,1665,0.277477
,,,1666,0.268307
,,,1667,0.265147
,,,1668,0.252998
,,,1669,0.272019
,,,1670,0.263473
,,,1671,0.267504
,,,1672,0.271531
,,,1673,0.264196
,,,1674,0.229988
,,,1675,0.270448
,,,1676,0.271480
,,,1677,0.257603
,,,1678,0.259237
,,,1679,0.275164
,,,1680,0.275000
,,,1681,0.262344
,,,1682,0.290131
,,,1683,0.259061
,,,1684,0.244656
,,,1685,0.264688
,,,1686,0.253262
,,,1687,0.288085
,,,1688,0.280213
,,,1689,0.265838
,,,1690,0.274556
,,,1691,0.263158
,,,1692,0.258865
,,,1693,0.262847
,,,1694,0.270956
,,,1695,0.267847
,,,1696,0.278302
,,,1697,0.258103
,,,1698,0.282097
,,,1699,0.261919
,,,1700,0.272941
,,,1701,0.262787
,,,1702,0.257932
,,,1703,0.267176
,,,1704,0.252934
,,,1705,0.252786
,,,1706,0.277843
,,,1707,0.269479
,,,1708,0.269906
,,,1709,0.246928
,,,1710,0.274269
,,,1711,0.262420
,,,1712,0.259930
,,,1713,0.267367
,,,1714,0.260210
,,,1715,0.247813
,,,1716,0.258159
,,,1717,0.259755
,,,1718,0.264261
,,,1719,0.268179
,,,1720,0.282558
,,,1721,0.256827
,,,1722,0.270616
,,,1723,0.271619
,,,1724,0.256961
,,,1725,0.286957
,,,1726,0.271727
,,,1727,0.253619
,,,1728,0.249421
,,,1729,0.251012
,,,1730,0.258382
,,,1731,0.273252
,,,1732,0.270785
,,,1733,0.245239
,,,1734,0.272780
,,,1735,0.279539
,,,1736,0.258065
,,,1737,0.256765
,,,1738,0.261220
,,,1739,0.255894
,,,1740,0.251724
,,,1741,0.278001
,,,1742,0.279564
,,,1743,0.273092
,,,1744,0.259748
,,,1745,0.255587
,,,1746,0.277778
,,,1747,0.264453
,,,1748,0.269451
,,,1749,0.278445
,,,1750,0.277714
,,,1751,0.270702
,,,1752,0.251712
,,,1753,0.249857
,,,1754,0.276511
,,,1755,0.280912
,,,1756,0.279613
,,,1757,0.250427
,,,1758,0.267349
,,,1759,0.268334
,,,1760,0.267045
,,,1761,0.282226
,,,1762,0.257094
,,,1763,0.270562
,,,1764,0.274376
,,,1765,0.274221
,,,1766,0.267271
,,,1767,0.279004
,,,1768,0.259050
,,,1769,0.258338
,,,1770,0.270621
,,,1771,0.251835
,,,1772,0.273702
,,,1773,0.279752
,,,1774,0.255355
,,,1775,0.260845
,,,1776,0.260698
,,,1777,0.277434
,,,1778,0.265467
,,,1779,0.262507
,,,1780,0.266292
,,,1781,0.257720
,,,1782,0.260943
,,,1783,0.268648
,,,1784,0.267937
,,,1785,0.273950
,,,1786,0.254759
,,,1787,0.275881
,,,1788,0.262304
,,,1789,0.264394
,,,1790,0.269832
,,,1791,0.290899
,,,1792,0.259487
,,,1793,0.261573
,,,1794,0.271460
,,,1795,0.265181
,,,1796,0.282294
,,,1797,0.292154
,,,1798,0.251947
,,,1799,0.274041
,,,1800,0.260000
,,,1801,0.267629
,,,1802,0.265261
,,,1803,0.245702
,,,1804,0.252217
,,,1805,0.256510
,,,1806,0.258583
,,,1807,0.282236
,,,1808,0.284292
,,,1809,0.285240
,,,1810,0.251934
,,,1811,0.276091
,,,1812,0.252759
,,,1813,0.270822
,,,1814,0.250827
,,,1815,0.262259
,,,1816,0.272577
,,,1817,0.268024
,,,1818,0.260726
,,,1819,0.256185
,,,1820,0.253297
,,,1821,0.267985
,,,1822,0.257409
,,,1823,0.279210
,,,1824,0.274671
,,,1825,0.244932
,,,1826,0.260131
,,,1827,0.271483
,,,1828,0.265864
,,,1829,0.258611
,,,1830,0.263934
,,,1831,0.241944
,,,1832,0.275109
,,,1833,0.259684
,,,1834,0.278081
,,,1835,0.254496
,,,1836,0.278867
,,,1837,0.275993
,,,1838,0.268226
,,,1839,0.262643
,,,1840,0.263043
,,,1841,0.266160
,,,1842,0.273073
,,,1843,0.282149
,,,1844,0.254881
,,,1845,0.285095
,,,1846,0.252979
,,,1847,0.252842
,,,1848,0.265152
,,,1849,0.250946
,,,1850,0.269189
,,,1851,0.254457
,,,1852,0.274298
,,,1853,0.262277
,,,1854,0.257282
,,,1855,0.256604
,,,1856,0.278017
,,,1857,0.239095
,,,1858,0.276103
,,,1859,0.270576
,,,1860,0.256452
,,,1861,0.263299
,,,1862,0.267991
,,,1863,0.263553
,,,1864,0.261803
,,,1865,0.249866
,,,1866,0.269561
,,,1867,0.274237
,,,1868,0.284797
,,,1869,0.255752
,,,1870,0.277005
,,,1871,0.273116
,,,1872,0.258013
,,,1873,0.276562
,,,1874,0.245464
,,,1875,0.262400
,,,1876,0.259062
,,,1877,0.274374
,,,1878,0.253461
,,,1879,0.277807
,,,1880,0.270745
,,,1881,0.271664
,,,1882,0.282147
,,,1883,0.277748
,,,1884,0.262739
,,,1885,0.256764
,,,1886,0.266702
,,,1887,0.266561
,,,1888,0.251059
,,,1889,0.266808
,,,1890,0.265079
,,,1891,0.274987
,,,1892,0.263742
,,,1893,0.263603
,,,1894,0.274551
,,,1895,0.258047
,,,1896,0.269515
,,,1897,0.253031
,,,1898,0.256586
,,,1899,0.262770
,,,1900,0.254737
,,,1901,0.262493
,,,1902,0.275499
,,,1903,0.255912
,,,1904,0.257878
,,,1905,0.278740
,,,1906,0.257083
,,,1907,0.282643
,,,1908,0.272013
,,,1909,0.268727
,,,1910,0.258115
,,,1911,0.261643
,,,1912,0.257322
,,,1913,0.268165
,,,1914,0.263845
,,,1915,0.259008
,,,1916,0.269311
,,,1917,0.262389
,,,1918,0.281543
,,,1919,0.260552
,,,1920,0.279167
,,,1921,0.262884
,,,1922,0.246618
,,,1923,0.272491
,,,1924,0.270270
,,,1925,0.263896
,,,1926,0.254933
,,,1927,0.263103
,,,1928,0.260373
,,,1929,0.274754
,,,1930,0.273575
,,,1931,0.273951
,,,1932,0.258799
,,,1933,0.226073
,,,1934,0.270941
,,,1935,0.270284
,,,1936,0.254649
,,,1937,0.274135
,,,1938,0.275542
,,,1939,0.266117
,,,1940,0.276804
,,,1941,0.255538
,,,1942,0.273429
,,,1943,0.261451
,,,1944,0.271091
,,,1945,0.273008
,,,1946,0.258993
,,,1947,0.254751
,,,1948,0.270021
,,,1949,0.253976
,,,1950,0.266154
,,,1951,0.264992
,,,1952,0.280225
,,,1953,0.263697
,,,1954,0.266633
,,,1955,0.262404
,,,1956,0.261759
,,,1957,0.253449
,,,1958,0.258427
,,,1959,0.254211
,,,1960,0.264286
,,,1961,0.269250
,,,1962,0.261978
,,,1963,0.266938
,,,1964,0.265784
,,,1965,0.279389
,,,1966,0.288403
,,,1967,0.263345
,,,1968,0.255589
,,,1969,0.272727
,,,1970,0.246193
,,,1971,0.254693
,,,1972,0.266734
,,,1973,0.252914
,,,1974,0.257345
,,,1975,0.270380
,,,1976,0.266194
,,,1977,0.279717
,,,1978,0.253286
,,,1979,0.265791
,,,1980,0.273232
,,,1981,0.258455
,,,1982,0.263370
,,,1983,0.260716
,,,1984,0.269657
,,,1985,0.266499
,,,1986,0.247231
,,,1987,0.254655
,,,1988,0.271127
,,,1989,0.283560
,,,1990,0.261307
,,,1991,0.274736
,,,1992,0.267570
,,,1993,0.270948
,,,1994,0.263791
,,,1995,0.265664
,,,1996,0.257014
,,,1997,0.266400
,,,1998,0.259259
,,,1999,0.269635
,,,2000,0.262500
,,,2001,0.268366
,,,2002,0.263237
,,,2003,0.277084
,,,2004,0.266966
,,,2005,0.266833
,,,2006,0.259222
,,,2007,0.264574
,,,2008,0.259462
,,,2009,0.262320
,,,2010,0.255721
,,,2011,0.272004
,,,2012,0.256958
,,,2013,0.260308
,,,2014,0.270606
,,,2015,0.259057
,,,2016,0.272321
,,,2017,0.262766
,,,2018,0.250743
,,,2019,0.281327
,,,2020,0.273267
,,,2021,0.278080
,,,2022,0.257171
,,,2023,0.264459
,,,2024,0.252964
,,,2025,0.266667
,,,2026,0.252715
,,,2027,0.265910
,,,2028,0.275641
,,,2029,0.267127
,,,2030,0.284236
,,,2031,0.279665
,,,2032,0.275098
,,,2033,0.274471
,,,2034,0.274828
,,,2035,0.276658
,,,2036,0.278978
,,,2037,0.276387
,,,2038,0.266928
,,,2039,0.268759
,,,2040,0.274510
,,,2041,0.266536
,,,2042,0.278159
,,,2043,0.267744
,,,2044,0.260274
,,,2045,0.259169
,,,2046,0.265396
,,,2047,0.262335
,,,2048,0.275879
,,,2049,0.256711
,,,2050,0.281463
,,,2051,0.270112
,,,2052,0.280214
,,,2053,0.267901
,,,2054,0.254625
,,,2055,0.279805
,,,2056,0.274805
,,,2057,0.262032
,,,2058,0.287172
,,,2059,0.270034
,,,2060,0.257282
,,,2061,0.259098
,,,2062,0.290495
,,,2063,0.273388
,,,2064,0.282946
,,,2065,0.267312
,,,2066,0.277832
,,,2067,0.274311
,,,2068,0.274178
,,,2069,0.264862
,,,2070,0.268116
,,,2071,0.255432
,,,2072,0.278475
,,,2073,0.276893
,,,2074,0.255545
,,,2075,0.252048
,,,2076,0.268304
,,,2077,0.272990
,,,2078,0.267084
,,,2079,0.247715
,,,2080,0.275481
,,,2081,0.258049
,,,2082,0.258405
,,,2083,0.264042
,,,2084,0.255758
,,,2085,0.276739
,,,2086,0.259827
,,,2087,0.285098
,,,2088,0.267720
,,,2089,0.262805
,,,2090,0.258852
,,,2091,0.275945
,,,2092,0.259560
,,,2093,0.265170
,,,2094,0.258357
,,,2095,0.268258
,,,2096,0.264313
,,,2097,0.257511
,,,2098,0.282173
,,,2099,0.257265
,,,2100,0.267143
,,,2101,0.272727
,,,2102,0.283539
,,,2103,0.265335
,,,2104,0.267110
,,,2105,0.279810
,,,2106,0.259734
,,,2107,0.256289
,,,2108,0.259962
,,,2109,0.264580
,,,2110,0.266825
,,,2111,0.274751
,,,2112,0.268939
,,,2113,0.264080
,,,2114,0.264901
,,,2115,0.264775
,,,2116,0.256616
,,,2117,0.250354
,,,2118,0.272427
,,,2119,0.256725
,,,2120,0.278302
,,,2121,0.258369
,,,2122,0.271442
,,,2123,0.255299
,,,2124,0.276365
,,,2125,0.267294
,,,2126,0.283631
,,,2127,0.263282
,,,2128,0.251410
,,,2129,0.263974
,,,2130,0.272770
,,,2131,0.240732
,,,2132,0.269231
,,,2133,0.253633
,,,2134,0.266167
,,,2135,0.276347
,,,2136,0.265918
,,,2137,0.265793
,,,2138,0.258185
,,,2139,0.270687
,,,2140,0.271963
,,,2141,0.258291
,,,2142,0.267974
,,,2143,0.264116
,,,2144,0.262127
,,,2145,0.274126
,,,2146,0.264678
,,,2147,0.277131
,,,2148,0.265363
,,,2149,0.289902
,,,2150,0.275349
,,,2151,0.281265
,,,2152,0.257435
,,,2153,0.272643
,,,2154,0.252553
,,,2155,0.255684
,,,2156,0.248145
,,,2157,0.255911
,,,2158,0.252085
,,,2159,0.279759
,,,2160,0.262500
,,,2161,0.274410
,,,2162,0.267808
,,,2163,0.269995
,,,2164,0.288817
,,,2165,0.260508
,,,2166,0.264543
,,,2167,0.251961
,,,2168,0.268911
,,,2169,0.268326
,,,2170,0.282949
,,,2171,0.286043
,,,2172,0.284991
,,,2173,0.254947
,,,2174,0.274609
,,,2175,0.264828
,,,2176,0.247702
,,,2177,0.260910
,,,2178,0.273186
,,,2179,0.273979
,,,2180,0.281651
,,,2181,0.273269
,,,2182,0.251146
,,,2183,0.265689
,,,2184,0.269689
,,,2185,0.257208
,,,2186,0.282251
,,,2187,0.272977
,,,2188,0.253199
,,,2189,0.275925
,,,2190,0.263927
,,,2191,0.263350
,,,2192,0.255931
,,,2193,0.265390
,,,2194,0.267548
,,,2195,0.281093
,,,2196,0.261384
,,,2197,0.263086
,,,2198,0.257507
,,,2199,0.249204
,,,2200,0.261364
,,,2201,0.253067
,,,2202,0.252952
,,,2203,0.257830
,,,2204,0.262704
,,,2205,0.264399
,,,2206,0.254306
,,,2207,0.264613
,,,2208,0.274909
,,,2209,0.261204
,,,2210,0.250226
,,,2211,0.266848
,,,2212,0.254521
,,,2213,0.279259
,,,2214,0.265131
,,,2215,0.278104
,,,2216,0.256769
,,,2217,0.264321
,,,2218,0.262399
,,,2219,0.277152
,,,2220,0.282432
,,,2221,0.254840
,,,2222,0.282178
,,,2223,0.272155
,,,2224,0.265737
,,,2225,0.262472
,,,2226,0.258760
,,,2227,0.263134
,,,2228,0.243716
,,,2229,0.290265
,,,2230,0.270404
,,,2231,0.264455
,,,2232,0.253584
,,,2233,0.264666
,,,2234,0.250671
,,,2235,0.250112
,,,2236,0.270125
,,,2237,0.237371
,,,2238,0.280608
,,,2239,0.275123
,,,2240,0.250893
,,,2241,0.283356
,,,2242,0.262712
,,,2243,0.271957
,,,2244,0.271390
,,,2245,0.258352
,,,2246,0.259573
,,,2247,0.283934
,,,2248,0.278915
,,,2249,0.268119
,,,2250,0.258667
,,,2251,0.254109
,,,2252,0.278863
,,,2253,0.278739
,,,2254,0.257320
,,,2255,0.254102
,,,2256,0.273936
,,,2257,0.272929
,,,2258,0.278122
,,,2259,0.260735
,,,2260,0.273451
,,,2261,0.264485
,,,2262,0.263484
,,,2263,0.268670
,,,2264,0.279152
,,,2265,0.264901
,,,2266,0.276699
,,,2267,0.271725
,,,2268,0.268519
,,,2269,0.259145
,,,2270,0.268282
,,,2271,0.268164
,,,2272,0.271127
,,,2273,0.278487
,,,2274,0.278364
,,,2275,0.278681
,,,2276,0.264060
,,,2277,0.263505
,,,2278,0.275241
,,,2279,0.267222
,,,2280,0.255702
,,,2281,0.265235
,,,2282,0.249781
,,,2283,0.267192
,,,2284,0.264011
,,,2285,0.265208
,,,2286,0.278653
,,,2287,0.260603
,,,2288,0.253497
,,,2289,0.256881
,,,2290,0.267249
,,,2291,0.251419
,,,2292,0.274433
,,,2293,0.267771
,,,2294,0.261116
,,,2295,0.267102
,,,2296,0.277439
,,,2297,0.261210
,,,2298,0.274151
,,,2299,0.261853
,,,2300,0.254783
,,,2301,0.272490
,,,2302,0.258471
,,,2303,0.257056
,,,2304,0.275174
,,,2305,0.278525
,,,2306,0.272767
,,,2307,0.267447
,,,2308,0.260399
,,,2309,0.282806
,,,2310,0.281385
,,,2311,0.262224
,,,2312,0.263408
,,,2313,0.261133
,,,2314,0.278738
,,,2315,0.276890
,,,2316,0.263385
,,,2317,0.257661
,,,2318,0.263158
,,,2319,0.254851
,,,2320,0.273707
,,,2321,0.272296
,,,2322,0.277347
,,,2323,0.260870
,,,2324,0.248279
,,,2325,0.265376
,,,2326,0.265262
,,,2327,0.272884
,,,2328,0.259021
,,,2329,0.245170
,,,2330,0.274249
,,,2331,0.277134
,,,2332,0.272298
,,,2333,0.265324
,,,2334,0.251500
,,,2335,0.273233
,,,2336,0.267551
,,,2337,0.262302
,,,2338,0.260051
,,,2339,0.277897
,,,2340,0.273504
,,,2341,0.261854
,,,2342,0.279675
,,,2343,0.259070
,,,2344,0.259812
,,,2345,0.272495
,,,2346,0.272805
,,,2347,0.271410
,,,2348,0.255537
,,,2349,0.257556
,,,2350,0.264681
,,,2351,0.254785
,,,2352,0.279762
,,,2353,0.273268
,,,2354,0.237468
,,,2355,0.290021
,,,2356,0.263158
,,,2357,0.265168
,,,2358,0.260814
,,,2359,0.253073
,,,2360,0.269492
,,,2361,0.253706
,,,2362,0.286198
,,,2363,0.264494
,,,2364,0.269036
,,,2365,0.269345
,,,2366,0.263314
,,,2367,0.273764
,,,2368,0.280828
,,,2369,0.275644
,,,2370,0.268776
,,,2371,0.269507
,,,2372,0.264334
,,,2373,0.261694
,,,2374,0.287279
,,,2375,0.278737
,,,2376,0.271886
,,,2377,0.273875
,,,2378,0.272077
,,,2379,0.252627
,,,2380,0.283613
,,,2381,0.262075
,,,2382,0.262804
,,,2383,0.268149
,,,2384,0.267198
,,,2385,0.264151
,,,2386,0.274099
,,,2387,0.268957
,,,2388,0.270519
,,,2389,0.276266
,,,2390,0.256485
,,,2391,0.262652
,,,2392,0.262960
,,,2393,0.260761
,,,2394,0.252715
,,,2395,0.274739
,,,2396,0.256678
,,,2397,0.267000
,,,2398,0.273978
,,,2399,0.272197
,,,2400,0.262500
,,,2401,0.269471
,,,2402,0.268110
,,,2403,0.255930
,,,2404,0.283694
,,,2405,0.276507
,,,2406,0.257689
,,,2407,0.268799
,,,2408,0.260382
,,,2409,0.274388
,,,2410,0.286307
,,,2411,0.272916
,,,2412,0.271973
,,,2413,0.261915
,,,2414,0.255592
,,,2415,0.262526
,,,2416,0.263245
,,,2417,0.275962
,,,2418,0.260546
,,,2419,0.285655
,,,2420,0.256612
,,,2421,0.266419
,,,2422,0.266722
,,,2423,0.268675
,,,2424,0.262789
,,,2425,0.286186
,,,2426,0.251855
,,,2427,0.266172
,,,2428,0.264003
,,,2429,0.256896
,,,2430,0.268313
,,,2431,0.280543
,,,2432,0.261513
,,,2433,0.278668
,,,2434,0.276089
,,,2435,0.273101
,,,2436,0.266010
,,,2437,0.270825
,,,2438,0.275226
,,,2439,0.270193
,,,2440,0.276230
,,,2441,0.265465
,,,2442,0.267813
,,,2443,0.263201
,,,2444,0.269231
,,,2445,0.258078
,,,2446,0.265740
,,,2447,0.259910
,,,2448,0.274918
,,,2449,0.258065
,,,2450,0.249388
,,,2451,0.258262
,,,2452,0.256933
,,,2453,0.272320
,,,2454,0.260391
,,,2455,0.269654
,,,2456,0.265879
,,,2457,0.270248
,,,2458,0.266477
,,,2459,0.273282
,,,2460,0.276423
,,,2461,0.270215
,,,2462,0.272543
,,,2463,0.251320
,,,2464,0.266640
,,,2465,0.275051
,,,2466,0.277372
,,,2467,0.261451
,,,2468,0.267018
,,,2469,0.262454
,,,2470,0.265992
,,,2471,0.265480
,,,2472,0.284385
,,,2473,0.263243
,,,2474,0.256265
,,,2475,0.258990
,,,2476,0.265347
,,,2477,0.263625
,,,2478,0.280065
,,,2479,0.252925
,,,2480,0.269355
,,,2481,0.264410
,,,2482,0.284448
,,,2483,0.264197
,,,2484,0.276167
,,,2485,0.275252
,,,2486,0.273934
,,,2487,0.255730
,,,2488,0.239952
,,,2489,0.269184
,,,2490,0.274297
,,,2491,0.254918
,,,2492,0.245987
,,,2493,0.258323
,,,2494,0.279872
,,,2495,0.268136
,,,2496,0.260016
,,,2497,0.269123
,,,2498,0.269015
,,,2499,0.263305
,,,2500,0.262000
,,,2501,0.262695
,,,2502,0.256595
,,,2503,0.274870
,,,2504,0.259585
,,,2505,0.288623
,,,2506,0.262969
,,,2507,0.273235
,,,2508,0.269537
,,,2509,0.262256
,,,2510,0.267331
,,,2511,0.268021
,,,2512,0.276274
,,,2513,0.253084
,,,2514,0.259745
,,,2515,0.260835
,,,2516,0.251987
,,,2517,0.274533
,,,2518,0.270056
,,,2519,0.270345
,,,2520,0.265476
,,,2521,0.261404
,,,2522,0.274782
,,,2523,0.267935
,,,2524,0.260301
,,,2525,0.275644
,,,2526,0.265637
,,,2527,0.258409
,,,2528,0.289161
,,,2529,0.265322
,,,2530,0.258103
,,,2531,0.269459
,,,2532,0.258689
,,,2533,0.261350
,,,2534,0.271507
,,,2535,0.268639
,,,2536,0.278785
,,,2537,0.275128
,,,2538,0.274232
,,,2539,0.261914
,,,2540,0.266142
,,,2541,0.268005
,,,2542,0.265932
,,,2543,0.267794
,,,2544,0.261792
,,,2545,0.273870
,,,2546,0.269442
,,,2547,0.273655
,,,2548,0.268446
,,,2549,0.277364
,,,2550,0.269804
,,,2551,0.271266
,,,2552,0.278605
,,,2553,0.237759
,,,2554,0.261159
,,,2555,0.268885
,,,2556,0.285994
,,,2557,0.263199
,,,2558,0.260360
,,,2559,0.258695
,,,2560,0.270703
,,,2561,0.273721
,,,2562,0.277518
,,,2563,0.268045
,,,2564,0.265991
,,,2565,0.276803
,,,2566,0.289166
,,,2567,0.279704
,,,2568,0.258956
,,,2569,0.257688
,,,2570,0.264981
,,,2571,0.260988
,,,2572,0.279160
,,,2573,0.268558
,,,2574,0.258741
,,,2575,0.272233
,,,2576,0.255047
,,,2577,0.266977
,,,2578,0.261831
,,,2579,0.264831
,,,2580,0.252326
,,,2581,0.278962
,,,2582,0.257552
,,,2583,0.269841
,,,2584,0.264319
,,,2585,0.271180
,,,2586,0.250580
,,,2587,0.253962
,,,2588,0.247295
,,,2589,0.269216
,,,2590,0.271042
,,,2591,0.271710
,,,2592,0.273920
,,,2593,0.269186
,,,2594,0.279491
,,,2595,0.274759
,,,2596,0.267334
,,,2597,0.274548
,,,2598,0.253272
,,,2599,0.255868
,,,2600,0.269615
,,,2601,0.256055
,,,2602,0.272867
,,,2603,0.268152
,,,2604,0.265361
,,,2605,0.289443
,,,2606,0.263622
,,,2607,0.270042
,,,2608,0.283359
,,,2609,0.270602
,,,2610,0.261686
,,,2611,0.256607
,,,2612,0.279862
,,,2613,0.278607
,,,2614,0.271232
,,,2615,0.264245
,,,2616,0.258792
,,,2617,0.265953
,,,2618,0.274637
,,,2619,0.263078
,,,2620,0.270229
,,,2621,0.273178
,,,2622,0.270023
,,,2623,0.271445
,,,2624,0.257241
,,,2625,0.268571
,,,2626,0.257426
,,,2627,0.269509
,,,2628,0.262557
,,,2629,0.274249
,,,2630,0.255894
,,,2631,0.267199
,,,2632,0.260638
,,,2633,0.258261
,,,2634,0.268413
,,,2635,0.267173
,,,2636,0.264416
,,,2637,0.271141
,,,2638,0.263457
,,,2639,0.283441
,,,2640,0.256818
,,,2641,0.270731
,,,2642,0.271385
,,,2643,0.265229
,,,2644,0.272315
,,,2645,0.280907
,,,2646,0.269085
,,,2647,0.284851
,,,2648,0.254909
,,,2649,0.269536
,,,2650,0.272075
,,,2651,0.262165
,,,2652,0.272247
,,,2653,0.260083
,,,2654,0.258478
,,,2655,0.286629
,,,2656,0.269578
,,,2657,0.271735
,,,2658,0.244545
,,,2659,0.256111
,,,2660,0.264662
,,,2661,0.263435
,,,2662,0.265965
,,,2663,0.272625
,,,2664,0.270270
,,,2665,0.278424
,,,2666,0.270068
,,,2667,0.265842
,,,2668,0.256372
,,,2669,0.269764
,,,2670,0.264794
,,,2671,0.262449
,,,2672,0.272455
,,,2673,0.268612
,,,2674,0.262154
,,,2675,0.262430
,,,2676,0.273543
,,,2677,0.262981
,,,2678,0.270351
,,,2679,0.260172
,,,2680,0.260821
,,,2681,0.251772
,,,2682,0.277405
,,,2683,0.262393
,,,2684,0.266021
,,,2685,0.270391
,,,2686,0.263217
,,,2687,0.260514
,,,2688,0.276414
,,,2689,0.274080
,,,2690,0.273978
,,,2691,0.262728
,,,2692,0.274146
,,,2693,0.267731
,,,2694,0.277654
,,,2695,0.269388
,,,2696,0.259273
,,,2697,0.268446
,,,2698,0.265011
,,,2699,0.256762
,,,2700,0.262593
,,,2701,0.271011
,,,2702,0.266839
,,,2703,0.279319
,,,2704,0.270710
,,,2705,0.276895
,,,2706,0.258315
,,,2707,0.270410
,,,2708,0.272526
,,,2709,0.250277
,,,2710,0.261255
,,,2711,0.257838
,,,2712,0.279499
,,,2713,0.266126
,,,2714,0.273397
,,,2715,0.274770
,,,2716,0.269882
,,,2717,0.267206
,,,2718,0.271155
,,,2719,0.271423
,,,2720,0.261397
,,,2721,0.267181
,,,2722,0.279574
,,,2723,0.263680
,,,2724,0.258811
,,,2725,0.267890
,,,2726,0.272927
,,,2727,0.263660
,,,2728,0.268328
,,,2729,0.263833
,,,2730,0.254212
,,,2731,0.269865
,,,2732,0.267936
,,,2733,0.266740
,,,2734,0.272860
,,,2735,0.261060
,,,2736,0.255848
,,,2737,0.259043
,,,2738,0.270636
,,,2739,0.268346
,,,2740,0.260949
,,,2741,0.274717
,,,2742,0.278993
,,,2743,0.269413
,,,2744,0.263848
,,,2745,0.264481
,,,2746,0.271668
,,,2747,0.270477
,,,2748,0.261645
,,,2749,0.271735
,,,2750,0.265818
,,,2751,0.266085
,,,2752,0.261991
,,,2753,0.270251
,,,2754,0.265795
,,,2755,0.271506
,,,2756,0.272496
,,,2757,0.262242
,,,2758,0.261059
,,,2759,0.274012
,,,2760,0.258333
,,,2761,0.248461
,,,2762,0.279146
,,,2763,0.260586
,,,2764,0.266281
,,,2765,0.266908
,,,2766,0.257411
,,,2767,0.261655
,,,2768,0.266980
,,,2769,0.274106
,,,2770,0.256679
,,,2771,0.291591
,,,2772,0.277778
,,,2773,0.269383
,,,2774,0.271089
,,,2775,0.257297
,,,2776,0.255043
,,,2777,0.274397
,,,2778,0.270698
,,,2779,0.277078
,,,2780,0.272662
,,,2781,0.272564
,,,2782,0.273185
,,,2783,0.259792
,,,2784,0.278736
,,,2785,0.265709
,,,2786,0.268126
,,,2787,0.260854
,,,2788,0.276542
,,,2789,0.267479
,,,2790,0.274194
,,,2791,0.273737
,,,2792,0.254298
,,,2793,0.257071
,,,2794,0.267001
,,,2795,0.249016
,,,2796,0.262876
,,,2797,0.250268
,,,2798,0.260186
,,,2799,0.275098
,,,2800,0.276429
,,,2801,0.268476
,,,2802,0.263383
,,,2803,0.249376
,,,2804,0.286377
,,,2805,0.272727
,,,2806,0.271561
,,,2807,0.288208
,,,2808,0.270299
,,,2809,0.265575
,,,2810,0.258719
,,,2811,0.259694
,,,2812,0.261380
,,,2813,0.257376
,,,2814,0.277186
,,,2815,0.272469
,,,2816,0.270597
,,,2817,0.261981
,,,2818,0.272534
,,,2819,0.264988
,,,2820,0.256383
,,,2821,0.267990
,,,2822,0.280652
,,,2823,0.270280
,,,2824,0.251416
,,,2825,0.256991
,,,2826,0.281316
,,,2827,0.281924
,,,2828,0.262376
,,,2829,0.260870
,,,2830,0.265724
,,,2831,0.265984
,,,2832,0.250353
,,,2833,0.274621
,,,2834,0.257586
,,,2835,0.270547
,,,2836,0.257757
,,,2837,0.270356
,,,2838,0.257928
,,,2839,0.280380
,,,2840,0.275000
,,,2841,0.255544
,,,2842,0.265306
,,,2843,0.276117
,,,2844,0.256681
,,,2845,0.262214
,,,2846,0.251933
,,,2847,0.275378
,,,2848,0.282654
,,,2849,0.273078
,,,2850,0.265614
,,,2851,0.264819
,,,2852,0.271388
,,,2853,0.261479
,,,2854,0.257884
,,,2855,0.277408
,,,2856,0.255252
,,,2857,0.269863
,,,2858,0.265220
,,,2859,0.268975
,,,2860,0.267133
,,,2861,0.277176
,,,2862,0.255066
,,,2863,0.245896
,,,2864,0.276885
,,,2865,0.259337
,,,2866,0.266574
,,,2867,0.272759
,,,2868,0.273013
,,,2869,0.266295
,,,2870,0.279094
,,,2871,0.278997
,,,2872,0.270891
,,,2873,0.269753
,,,2874,0.274530
,,,2875,0.276870
,,,2876,0.250695
,,,2877,0.253389
,,,2878,0.255733
,,,2879,0.259812
,,,2880,0.268056
,,,2881,0.276640
,,,2882,0.258501
,,,2883,0.270552
,,,2884,0.262136
,,,2885,0.270711
,,,2886,0.283784
,,,2887,0.268791
,,,2888,0.267659
,,,2889,0.270336
,,,2890,0.248097
,,,2891,0.256313
,,,2892,0.275934
,,,2893,0.275493
,,,2894,0.269523
,,,2895,0.282211
,,,2896,0.274862
,,,2897,0.272006
,,,2898,0.263630
,,,2899,0.269403
,,,2900,0.270690
,,,2901,0.265770
,,,2902,0.268780
,,,2903,0.262487
,,,2904,0.251377
,,,2905,0.264716
,,,2906,0.278390
,,,2907,0.279670
,,,2908,0.267538
,,,2909,0.272602
,,,2910,0.271478
,,,2911,0.267262
,,,2912,0.270604
,,,2913,0.273944
,,,2914,0.269046
,,,2915,0.258319
,,,2916,0.262346
,,,2917,0.268769
,,,2918,0.269020
,,,2919,0.258308
,,,2920,0.265411
,,,2921,0.257104
,,,2922,0.271047
,,,2923,0.261717
,,,2924,0.271546
,,,2925,0.261197
,,,2926,0.272727
,,,2927,0.252477
,,,2928,0.267418
,,,2929,0.270741
,,,2930,0.269283
,,,2931,0.262027
,,,2932,0.263984
,,,2933,0.265939
,,,2934,0.271984
,,,2935,0.275298
,,,2936,0.264646
,,,2937,0.254682
,,,2938,0.266167
,,,2939,0.269479
,,,2940,0.263605
,,,2941,0.263856
,,,2942,0.259347
,,,2943,0.268434
,,,2944,0.264606
,,,2945,0.256027
,,,2946,0.272912
,,,2947,0.264676
,,,2948,0.268318
,,,2949,0.261105
,,,2950,0.267458
,,,2951,0.267028
,,,2952,0.266260
,,,2953,0.275313
,,,2954,0.287745
,,,2955,0.260575
,,,2956,0.282476
,,,2957,0.261414
,,,2958,0.278567
,,,2959,0.274417
,,,2960,0.269932
,,,2961,0.253293
,,,2962,0.254220
,,,2963,0.259197
,,,2964,0.260121
,,,2965,0.274536
,,,2966,0.281187
,,,2967,0.266262
,,,2968,0.257749
,,,2969,0.260020
,,,2970,0.260606
,,,2971,0.265904
,,,2972,0.269852
,,,2973,0.273461
,,,2974,0.274042
,,,2975,0.286387
,,,2976,0.261761
,,,2977,0.270742
,,,2978,0.266958
,,,2979,0.269889
,,,2980,0.276174
,,,2981,0.269037
,,,2982,0.259893
,,,2983,0.284948
,,,2984,0.271113
,,,2985,0.260302
,,,2986,0.263563
,,,2987,0.265484
,,,2988,0.263387
,,,2989,0.258615
,,,2990,0.258863
,,,2991,0.271147
,,,2992,0.270722
,,,2993,0.260608
,,,2994,0.269205
,,,2995,0.266110
,,,2996,0.265020
,,,2997,0.266600
,,,2998,0.252835
,,,2999,0.264088
,,,3000,0.264667
,,,3001,0.268577
,,,3002,0.280480
,,,3003,0.254412
,,,3004,0.263981
,,,3005,0.273544
,,,3006,0.256820
,,,3007,0.265713
,,,3008,0.252327
,,,3009,0.279827
,,,3010,0.266113
,,,3011,0.270010
,,,3012,0.266932
,,,3013,0.262529
,,,3014,0.257465
,,,3015,0.269983
,,,3016,0.269562
,,,3017,0.256878
,,,3018,0.269384
,,,3019,0.274263
,,,3020,0.263576
,,,3021,0.271433
,,,3022,0.256453
,,,3023,0.266623
,,,3024,0.273148
,,,3025,0.272066
,,,3026,0.280238
,,,3027,0.272217
,,,3028,0.279392
,,,3029,0.273027
,,,3030,0.250165
,,,3031,0.263609
,,,3032,0.265501
,,,3033,0.255852
,,,3034,0.270270
,,,3035,0.270840
,,,3036,0.265152
,,,3037,0.260125
,,,3038,0.278144
,,,3039,0.276078
,,,3040,0.272039
,,,3041,0.265373
,,,3042,0.268573
,,,3043,0.267499
,,,3044,0.275296
,,,3045,0.265025
,,,3046,0.261326
,,,3047,0.265835
,,,3048,0.269685
,,,3049,0.259757
,,,3050,0.260656
,,,3051,0.277614
,,,3052,0.268021
,,,3053,0.268261
,,,3054,0.263916
,,,3055,0.260556
,,,3056,0.259162
,,,3057,0.282957
,,,3058,0.271746
,,,3059,0.265446
,,,3060,0.264052
,,,3061,0.264293
,,,3062,0.264206
,,,3063,0.265100
,,,3064,0.272846
,,,3065,0.267210
,,,3066,0.263209
,,,3067,0.258559
,,,3068,0.257823
,,,3069,0.270121
,,,3070,0.264495
,,,3071,0.263758
,,,3072,0.286458
,,,3073,0.261634
,,,3074,0.263175
,,,3075,0.266341
,,,3076,0.252276
,,,3077,0.273318
,,,3078,0.274854
,,,3079,0.273465
,,,3080,0.267208
,,,3081,0.263226
,,,3082,0.271252
,,,3083,0.262407
,,,3084,0.258106
,,,3085,0.268395
,,,3086,0.282242
,,,3087,0.257532
,,,3088,0.282060
,,,3089,0.262868
,,,3090,0.266019
,,,3091,0.269816
,,,3092,0.255821
,,,3093,0.273521
,,,3094,0.264706
,,,3095,0.269790
,,,3096,0.258075
,,,3097,0.263481
,,,3098,0.275662
,,,3099,0.253630
,,,3100,0.262903
,,,3101,0.267333
,,,3102,0.261767
,,,3103,0.276507
,,,3104,0.278351
,,,3105,0.264412
,,,3106,0.266903
,,,3107,0.264886
,,,3108,0.292793
,,,3109,0.274365
,,,3110,0.279100
,,,3111,0.284153
,,,3112,0.265103
,,,3113,0.262769
,,,3114,0.256262
,,,3115,0.272873
,,,3116,0.269255
,,,3117,0.254411
,,,3118,0.269724
,,,3119,0.272523
,,,3120,0.262179
,,,3121,0.275232
,,,3122,0.267457
,,,3123,0.260967
,,,3124,0.252881
,,,3125,0.275200
,,,3126,0.283109
,,,3127,0.265110
,,,3128,0.262148
,,,3129,0.257590
,,,3130,0.269968
,,,3131,0.265730
,,,3132,0.273308
,,,3133,0.272263
,,,3134,0.259732
,,,3135,0.263158
,,,3136,0.266582
,,,3137,0.271278
,,,3138,0.279796
,,,3139,0.270468
,,,3140,0.252866
,,,3141,0.259472
,,,3142,0.274029
,,,3143,0.262170
,,,3144,0.275127
,,,3145,0.280127
,,,3146,0.257470
,,,3147,0.271052
,,,3148,0.255083
,,,3149,0.263576
,,,3150,0.272063
,,,3151,0.256427
,,,3152,0.260152
,,,3153,0.273708
,,,3154,0.271401
,,,3155,0.274802
,,,3156,0.265526
,,,3157,0.261007
,,,3158,0.268208
,,,3159,0.256094
,,,3160,0.277215
,,,3161,0.253084
,,,3162,0.263125
,,,3163,0.266203
,,,3164,0.266435
,,,3165,0.256872
,,,3166,0.260265
,,,3167,0.268077
,,,3168,0.273359
,,,3169,0.241086
,,,3170,0.261830
,,,3171,0.269000
,,,3172,0.273960
,,,3173,0.254333
,,,3174,0.270636
,,,3175,0.253228
,,,3176,0.281171
,,,3177,0.259049
,,,3178,0.269037
,,,3179,0.267065
,,,3180,0.269811
,,,3181,0.264382
,,,3182,0.263042
,,,3183,0.264844
,,,3184,0.271985
,,,3185,0.276923
,,,3186,0.270245
,,,3187,0.261374
,,,3188,0.255960
,,,3189,0.253057
,,,3190,0.266144
,,,3191,0.260733
,,,3192,0.254073
,,,3193,0.265581
,,,3194,0.262680
,,,3195,0.270736
,,,3196,0.272841
,,,3197,0.273381
,,,3198,0.254847
,,,3199,0.267896
,,,3200,0.261250
,,,3201,0.267729
,,,3202,0.276702
,,,3203,0.250078
,,,3204,0.253433
,,,3205,0.280499
,,,3206,0.284779
,,,3207,0.246024
,,,3208,0.254052
,,,3209,0.267061
,,,3210,0.246106
,,,3211,0.262846
,,,3212,0.271482
,,,3213,0.264862
,,,3214,0.268824
,,,3215,0.263453
,,,3216,0.268035
,,,3217,0.270749
,,,3218,0.263518
,,,3219,0.265610
,,,3220,0.268323
,,,3221,0.260478
,,,3222,0.256363
,,,3223,0.264971
,,,3224,0.262097
,,,3225,0.271008
,,,3226,0.269374
,,,3227,0.273939
,,,3228,0.276642
,,,3229,0.258284
,,,3230,0.258204
,,,3231,0.262457
,,,3232,0.262686
,,,3233,0.279307
,,,3234,0.266543
,,,3235,0.264297
,,,3236,0.266378
,,,3237,0.261044
,,,3238,0.254478
,,,3239,0.258413
,,,3240,0.275926
,,,3241,0.266276
,,,3242,0.276990
,,,3243,0.272895
,,,3244,0.277744
,,,3245,0.262558
,,,3246,0.264633
,,,3247,0.265168
,,,3248,0.265086
,,,3249,0.274546
,,,3250,0.264000
,,,3251,0.275300
,,,3252,0.276138
,,,3253,0.272057
,,,3254,0.255378
,,,3255,0.262366
,,,3256,0.265049
,,,3257,0.256371
,,,3258,0.264273
,,,3259,0.271863
,,,3260,0.276994
,,,3261,0.260963
,,,3262,0.255978
,,,3263,0.258658
,,,3264,0.263787
,,,3265,0.267075
,,,3266,0.266993
,,,3267,0.274258
,,,3268,0.263158
,,,3269,0.283573
,,,3270,0.265749
,,,3271,0.287985
,,,3272,0.271394
,,,3273,0.273755
,,,3274,0.272755
,,,3275,0.256794
,,,3276,0.260073
,,,3277,0.269149
,,,3278,0.268456
,,,3279,0.270509
,,,3280,0.256707
,,,3281,0.270344
,,,3282,0.258988
,,,3283,0.270484
,,,3284,0.270706
,,,3285,0.274277
,,,3286,0.257760
,,,3287,0.267721
,,,3288,0.263686
,,,3289,0.280024
,,,3290,0.272644
,,,3291,0.274992
,,,3292,0.270960
,,,3293,0.251442
,,,3294,0.265938
,,,3295,0.261002
,,,3296,0.266687
,,,3297,0.272066
,,,3298,0.270467
,,,3299,0.255532
,,,3300,0.255152
,,,3301,0.262951
,,,3302,0.260145
,,,3303,0.260369
,,,3304,0.274516
,,,3305,0.264750
,,,3306,0.277677
,,,3307,0.281524
,,,3308,0.268440
,,,3309,0.268661
,,,3310,0.265559
,,,3311,0.277560
,,,3312,0.273249
,,,3313,0.263809
,,,3314,0.269161
,,,3315,0.265158
,,,3316,0.266285
,,,3317,0.277058
,,,3318,0.276070
,,,3319,0.253088
,,,3320,0.256627
,,,3321,0.265583
,,,3322,0.259181
,,,3323,0.268432
,,,3324,0.256619
,,,3325,0.283308
,,,3326,0.263379
,,,3327,0.264503
,,,3328,0.262019
,,,3329,0.264043
,,,3330,0.264264
,,,3331,0.267187
,,,3332,0.268908
,,,3333,0.257426
,,,3334,0.258548
,,,3335,0.272864
,,,3336,0.251199
,,,3337,0.261313
,,,3338,0.260336
,,,3339,0.254867
,,,3340,0.263174
,,,3341,0.282251
,,,3342,0.275284
,,,3343,0.253964
,,,3344,0.272428
,,,3345,0.257399
,,,3346,0.265392
,,,3347,0.276964
,,,3348,0.261350
,,,3349,0.261272
,,,3350,0.261791
,,,3351,0.256640
,,,3352,0.257458
,,,3353,0.267522
,,,3354,0.259094
,,,3355,0.272727
,,,3356,0.263707
,,,3357,0.281501
,,,3358,0.255807
,,,3359,0.266448
,,,3360,0.259524
,,,3361,0.279381
,,,3362,0.273349
,,,3363,0.257806
,,,3364,0.271700
,,,3365,0.253195
,,,3366,0.266191
,,,3367,0.255123
,,,3368,0.263064
,,,3369,0.263877
,,,3370,0.254896
,,,3371,0.266390
,,,3372,0.269870
,,,3373,0.261192
,,,3374,0.262300
,,,3375,0.273778
,,,3376,0.271031
,,,3377,0.259698
,,,3378,0.271758
,,,3379,0.261912
,,,3380,0.261538
,,,3381,0.257912
,,,3382,0.276168
,,,3383,0.261011
,,,3384,0.276005
,,,3385,0.264993
,,,3386,0.257531
,,,3387,0.272217
,,,3388,0.269185
,,,3389,0.255238
,,,3390,0.259882
,,,3391,0.271012
,,,3392,0.260024
,,,3393,0.266726
,,,3394,0.262817
,,,3395,0.258027
,,,3396,0.269140
,,,3397,0.259052
,,,3398,0.273690
,,,3399,0.271550
,,,3400,0.272059
,,,3401,0.267568
,,,3402,0.287772
,,,3403,0.259183
,,,3404,0.259107
,,,3405,0.261087
,,,3406,0.264533
,,,3407,0.268858
,,,3408,0.259096
,,,3409,0.265180
,,,3410,0.265396
,,,3411,0.268836
,,,3412,0.266706
,,,3413,0.266335
,,,3414,0.270357
,,,3415,0.261201
,,,3416,0.263173
,,,3417,0.264852
,,,3418,0.262727
,,,3419,0.266160
,,,3420,0.276023
,,,3421,0.266296
,,,3422,0.271479
,,,3423,0.264096
,,,3424,0.264019
,,,3425,0.256350
,,,3426,0.267659
,,,3427,0.256784
,,,3428,0.266336
,,,3429,0.260426
,,,3430,0.274636
,,,3431,0.280093
,,,3432,0.258450
,,,3433,0.266239
,,,3434,0.269948
,,,3435,0.268996
,,,3436,0.262224
,,,3437,0.279604
,,,3438,0.276905
,,,3439,0.256179
,,,3440,0.266570
,,,3441,0.274339
,,,3442,0.267577
,,,3443,0.264014
,,,3444,0.270325
,,,3445,0.259797
,,,3446,0.256820
,,,3447,0.276182
,,,3448,0.267111
,,,3449,0.258046
,,,3450,0.269565
,,,3451,0.257896
,,,3452,0.260718
,,,3453,0.258616
,,,3454,0.273017
,,,3455,0.274674
,,,3456,0.273727
,,,3457,0.269887
,,,3458,0.260555
,,,3459,0.274935
,,,3460,0.267630
,,,3461,0.265241
,,,3462,0.267764
,,,3463,0.261623
,,,3464,0.272229
,,,3465,0.266955
,,,3466,0.262262
,,,3467,0.269397
,,,3468,0.250577
,,,3469,0.264341
,,,3470,0.252738
,,,3471,0.254970
,,,3472,0.267281
,,,3473,0.269796
,,,3474,0.270581
,,,3475,0.263022
,,,3476,0.253165
,,,3477,0.259419
,,,3478,0.255032
,,,3479,0.259557
,,,3480,0.256897
,,,3481,0.259408
,,,3482,0.256749
,,,3483,0.262705
,,,3484,0.270666
,,,3485,0.261980
,,,3486,0.255307
,,,3487,0.279897
,,,3488,0.254587
,,,3489,0.257380
,,,3490,0.257307
,,,3491,0.276712
,,,3492,0.276919
,,,3493,0.267678
,,,3494,0.260446
,,,3495,0.272103
,,,3496,0.266876
,,,3497,0.259079
,,,3498,0.270726
,,,3499,0.274364
,,,3500,0.272857
,,,3501,0.263639
,,,3502,0.277841
,,,3503,0.272053
,,,3504,0.258276
,,,3505,0.265906
,,,3506,0.274672
,,,3507,0.261192
,,,3508,0.258837
,,,3509,0.272442
,,,3510,0.276353
,,,3511,0.256337
,,,3512,0.274772
,,,3513,0.265016
,,,3514,0.264371
,,,3515,0.256615
,,,3516,0.259670
,,,3517,0.272391
,,,3518,0.258670
,,,3519,0.271100
,,,3520,0.257102
,,,3521,0.272366
,,,3522,0.263203
,,,3523,0.249787
,,,3524,0.269012
,,,3525,0.281986
,,,3526,0.258650
,,,3527,0.259427
,,,3528,0.257086
,,,3529,0.266931
,,,3530,0.256091
,,,3531,0.271594
,,,3532,0.263307
,,,3533,0.266912
,,,3534,0.265988
,,,3535,0.259972
,,,3536,0.271776
,,,3537,0.281029
,,,3538,0.260034
,,,3539,0.270133
,,,3540,0.255650
,,,3541,0.268286
,,,3542,0.263128
,,,3543,0.272650
,,,3544,0.264108
,,,3545,0.243724
,,,3546,0.261703
,,,3547,0.261066
,,,3548,0.259865
,,,3549,0.270217
,,,3550,0.267042
,,,3551,0.260208
,,,3552,0.263795
,,,3553,0.256966
,,,3554,0.268711
,,,3555,0.255134
,,,3556,0.257874
,,,3557,0.280574
,,,3558,0.259696
,,,3559,0.268896
,,,3560,0.255337
,,,3561,0.272115
,,,3562,0.253509
,,,3563,0.257648
,,,3564,0.251122
,,,3565,0.276578
,,,3566,0.263040
,,,3567,0.262966
,,,3568,0.258128
,,,3569,0.256094
,,,3570,0.274230
,,,3571,0.260151
,,,3572,0.263718
,,,3573,0.270641
,,,3574,0.266088
,,,3575,0.257622
,,,3576,0.267058
,,,3577,0.257199
,,,3578,0.257965
,,,3579,0.262643
,,,3580,0.279330
,,,3581,0.261380
,,,3582,0.259911
,,,3583,0.268769
,,,3584,0.259208
,,,3585,0.256346
,,,3586,0.276631
,,,3587,0.274603
,,,3588,0.288183
,,,3589,0.277793
,,,3590,0.278273
,,,3591,0.268449
,,,3592,0.260022
,,,3593,0.264681
,,,3594,0.264329
,,,3595,0.255911
,,,3596,0.271135
,,,3597,0.261051
,,,3598,0.273207
,,,3599,0.259239
,,,3600,0.268611
,,,3601,0.282422
,,,3602,0.277346
,,,3603,0.266445
,,,3604,0.258324
,,,3605,0.271012
,,,3606,0.265946
,,,3607,0.268367
,,,3608,0.264412
,,,3609,0.260183
,,,3610,0.272853
,,,3611,0.256439
,,,3612,0.276301
,,,3613,0.269305
,,,3614,0.271998
,,,3615,0.266943
,,,3616,0.265763
,,,3617,0.278131
,,,3618,0.264511
,,,3619,0.265267
,,,3620,0.265746
,,,3621,0.268710
,,,3622,0.286030
,,,3623,0.270494
,,,3624,0.277318
,,,3625,0.260414
,,,3626,0.258411
,,,3627,0.268541
,,,3628,0.264609
,,,3629,0.269771
,,,3630,0.258678
,,,3631,0.242357
,,,3632,0.272577
,,,3633,0.270300
,,,3634,0.268575
,,,3635,0.276479
,,,3636,0.263201
,,,3637,0.260104
,,,3638,0.266905
,,,3639,0.265183
,,,3640,0.274725
,,,3641,0.262291
,,,3642,0.272927
,,,3643,0.255284
,,,3644,0.272228
,,,3645,0.262277
,,,3646,0.257268
,,,3647,0.270359
,,,3648,0.265351
,,,3649,0.263360
,,,3650,0.258630
,,,3651,0.269241
,,,3652,0.272453
,,,3653,0.257049
,,,3654,0.261905
,,,3655,0.266211
,,,3656,0.266685
,,,3657,0.277276
,,,3658,0.265992
,,,3659,0.269746
,,,3660,0.277049
,,,3661,0.270145
,,,3662,0.274713
,,,3663,0.267813
,,,3664,0.262282
,,,3665,0.269577
,,,3666,0.268685
,,,3667,0.268067
,,,3668,0.277535
,,,3669,0.264377
,,,3670,0.269755
,,,3671,0.270499
,,,3672,0.263889
,,,3673,0.259189
,,,3674,0.261840
,,,3675,0.267211
,,,3676,0.282916
,,,3677,0.260538
,,,3678,0.274062
,,,3679,0.276434
,,,3680,0.251902
,,,3681,0.261070
,,,3682,0.261814
,,,3683,0.268803
,,,3684,0.274159
,,,3685,0.272999
,,,3686,0.265328
,,,3687,0.266884
,,,3688,0.270336
,,,3689,0.262673
,,,3690,0.271003
,,,3691,0.254403
,,,3692,0.263001
,,,3693,0.269699
,,,3694,0.265024
,,,3695,0.264411
,,,3696,0.258658
,,,3697,0.274547
,,,3698,0.273932
,,,3699,0.273858
,,,3700,0.260811
,,,3701,0.263713
,,,3702,0.266343
,,,3703,0.268161
,,,3704,0.272948
,,,3705,0.273684
,,,3706,0.256881
,,,3707,0.261128
,,,3708,0.272114
,,,3709,0.273928
,,,3710,0.263612
,,,3711,0.265966
,,,3712,0.256735
,,,3713,0.264207
,,,3714,0.266020
,,,3715,0.267026
,,,3716,0.263724
,,,3717,0.273339
,,,3718,0.265465
,,,3719,0.269696
,,,3720,0.266129
,,,3721,0.244558
,,,3722,0.262762
,,,3723,0.269406
,,,3724,0.258593
,,,3725,0.267651
,,,3726,0.263017
,,,3727,0.271800
,,,3728,0.259120
,,,3729,0.277554
,,,3730,0.277212
,,,3731,0.262932
,,,3732,0.264202
,,,3733,0.272435
,,,3734,0.264328
,,,3735,0.258367
,,,3736,0.282388
,,,3737,0.251539
,,,3738,0.258962
,,,3739,0.261835
,,,3740,0.269786
,,,3741,0.269179
,,,3742,0.273918
,,,3743,0.267967
,,,3744,0.261752
,,,3745,0.260881
,,,3746,0.271490
,,,3747,0.263144
,,,3748,0.263607
,,,3749,0.264871
,,,3750,0.265867
,,,3751,0.273260
,,,3752,0.272388
,,,3753,0.263523
,,,3754,0.259457
,,,3755,0.268708
,,,3756,0.272364
,,,3757,0.260048
,,,3758,0.271421
,,,3759,0.270285
,,,3760,0.274202
,,,3761,0.262962
,,,3762,0.262095
,,,3763,0.264151
,,,3764,0.268597
,,,3765,0.271182
,,,3766,0.259692
,,,3767,0.272100
,,,3768,0.259023
,,,3769,0.263730
,,,3770,0.266578
,,,3771,0.265182
,,,3772,0.262725
,,,3773,0.265836
,,,3774,0.269210
,,,3775,0.265166
,,,3776,0.270127
,,,3777,0.267408
,,,3778,0.262043
,,,3779,0.277587
,,,3780,0.258466
,,,3781,0.263158
,,,3782,0.269170
,,,3783,0.277822
,,,3784,0.275106
,,,3785,0.273712
,,,3786,0.276281
,,,3787,0.264853
,,,3788,0.257656
,,,3789,0.268409
,,,3790,0.271240
,,,3791,0.264838
,,,3792,0.272679
,,,3793,0.264171
,,,3794,0.264365
,,,3795,0.279315
,,,3796,0.276080
,,,3797,0.260469
,,,3798,0.270669
,,,3799,0.270861
,,,3800,0.275789
,,,3801,0.263878
,,,3802,0.268543
,,,3803,0.265843
,,,3804,0.267876
,,,3805,0.256242
,,,3806,0.259065
,,,3807,0.270029
,,,3808,0.271008
,,,3809,0.265687
,,,3810,0.253543
,,,3811,0.264498
,,,3812,0.266264
,,,3813,0.271440
,,,3814,0.274515
,,,3815,0.272346
,,,3816,0.269392
,,,3817,0.267750
,,,3818,0.264274
,,,3819,0.272584
,,,3820,0.272513
,,,3821,0.263282
,,,3822,0.260335
,,,3823,0.268114
,,,3824,0.273797
,,,3825,0.259085
,,,3826,0.263722
,,,3827,0.262869
,,,3828,0.271682
,,,3829,0.284408
,,,3830,0.272585
,,,3831,0.263378
,,,3832,0.262004
,,,3833,0.275241
,,,3834,0.265519
,,,3835,0.280574
,,,3836,0.261470
,,,3837,0.266093
,,,3838,0.276707
,,,3839,0.275072
,,,3840,0.273958
,,,3841,0.282999
,,,3842,0.260541
,,,3843,0.258912
,,,3844,0.275754
,,,3845,0.267100
,,,3846,0.262090
,,,3847,0.277359
,,,3848,0.272089
,,,3849,0.252273
,,,3850,0.277922
,,,3851,0.275513
,,,3852,0.266355
,,,3853,0.255904
,,,3854,0.271147
,,,3855,0.266667
,,,3856,0.266338
,,,3857,0.268343
,,,3858,0.274754
,,,3859,0.275460
,,,3860,0.268653
,,,3861,0.269101
,,,3862,0.273433
,,,3863,0.268444
,,,3864,0.271739
,,,3865,0.262096
,,,3866,0.268495
,,,3867,0.284200
,,,3868,0.275336
,,,3869,0.277074
,,,3870,0.258656
,,,3871,0.268148
,,,3872,0.268853
,,,3873,0.271108
,,,3874,0.272328
,,,3875,0.276903
,,,3876,0.257482
,,,3877,0.283467
,,,3878,0.275658
,,,3879,0.257025
,,,3880,0.261082
,,,3881,0.262304
,,,3882,0.266358
,,,3883,0.266031
,,,3884,0.277034
,,,3885,0.262806
,,,3886,0.259650
,,,3887,0.272961
,,,3888,0.274434
,,,3889,0.267164
,,,3890,0.269923
,,,3891,0.267797
,,,3892,0.254625
,,,3893,0.278705
,,,3894,0.260914
,,,3895,0.270860
,,,3896,0.274641
,,,3897,0.262253
,,,3898,0.265777
,,,3899,0.262888
,,,3900,0.273077
,,,3901,0.262753
,,,3902,0.253716
,,,3903,0.256213
,,,3904,0.264857
,,,3905,0.273239
,,,3906,0.260625
,,,3907,0.263373
,,,3908,0.268424
,,,3909,0.266309
,,,3910,0.271867
,,,3911,0.263615
,,,3912,0.271217
,,,3913,0.262458
,,,3914,0.261625
,,,3915,0.268455
,,,3916,0.266088
,,,3917,0.261935
,,,3918,0.273354
,,,3919,0.264863
,,,3920,0.261480
,,,3921,0.259118
,,,3922,0.261856
,,,3923,0.269437
,,,3924,0.264016
,,,3925,0.278726
,,,3926,0.269995
,,,3927,0.269162
,,,3928,0.277240
,,,3929,0.272843
,,,3930,0.262341
,,,3931,0.271687
,,,3932,0.271872
,,,3933,0.261124
,,,3934,0.264870
,,,3935,0.260737
,,,3936,0.259909
,,,3937,0.268225
,,,3938,0.274759
,,,3939,0.266565
,,,3940,0.273604
,,,3941,0.265415
,,,3942,0.269914
,,,3943,0.253868
,,,3944,0.258367
,,,3945,0.269202
,,,3946,0.256209
,,,3947,0.263998
,,,3948,0.266464
,,,3949,0.264624
,,,3950,0.260759
,,,3951,0.272336
,,,3952,0.260374
,,,3953,0.276246
,,,3954,0.267071
,,,3955,0.256384
,,,3956,0.281850
,,,3957,0.272681
,,,3958,0.282466
,,,3959,0.269513
,,,3960,0.264646
,,,3961,0.283262
,,,3962,0.269056
,,,3963,0.273782
,,,3964,0.258073
,,,3965,0.258512
,,,3966,0.273323
,,,3967,0.267709
,,,3968,0.260837
,,,3969,0.259007
,,,3970,0.278841
,,,3971,0.278267
,,,3972,0.268127
,,,3973,0.262019
,,,3974,0.266230
,,,3975,0.273962
,,,3976,0.265342
,,,3977,0.259492
,,,3978,0.277778
,,,3979,0.262629
,,,3980,0.259548
,,,3981,0.268274
,,,3982,0.264189
,,,3983,0.266382
,,,3984,0.255522
,,,3985,0.276788
,,,3986,0.267687
,,,3987,0.275144
,,,3988,0.266800
,,,3989,0.258461
,,,3990,0.274436
,,,3991,0.261839
,,,3992,0.271543
,,,3993,0.263711
,,,3994,0.260140
,,,3995,0.281101
,,,3996,0.274525
,,,3997,0.277458
,,,3998,0.273387
,,,3999,0.274069
,,,4000,0.263250
,,,4001,0.269933
,,,4002,0.258371
,,,4003,0.263802
,,,4004,0.277722
,,,4005,0.264669
,,,4006,0.260609
,,,4007,0.268530
,,,4008,0.262725
,,,4009,0.260664
,,,4010,0.276309
,,,4011,0.265021
,,,4012,0.275174
,,,4013,0.272863
,,,4014,0.268560
,,,4015,0.255293
,,,4016,0.266683
,,,4017,0.268111
,,,4018,0.260826
,,,4019,0.267977
,,,4020,0.272637
,,,4021,0.257150
,,,4022,0.268772
,,,4023,0.270694
,,,4024,0.271372
,,,4025,0.266087
,,,4026,0.267263
,,,4027,0.268190
,,,4028,0.263654
,,,4029,0.265326
,,,4030,0.275434
,,,4031,0.275366
,,,4032,0.275050
,,,4033,0.265063
,,,4034,0.258800
,,,4035,0.268897
,,,4036,0.275025
,,,4037,0.271241
,,,4038,0.278356
,,,4039,0.271849
,,,4040,0.262624
,,,4041,0.256372
,,,4042,0.273132
,,,4043,0.264655
,,,4044,0.256677
,,,4045,0.282818
,,,4046,0.265447
,,,4047,0.265629
,,,4048,0.258152
,,,4049,0.266980
,,,4050,0.267407
,,,4051,0.277216
,,,4052,0.266782
,,,4053,0.271651
,,,4054,0.268130
,,,4055,0.266091
,,,4056,0.249507
,,,4057,0.273601
,,,4058,0.255791
,,,4059,0.259916
,,,4060,0.257143
,,,4061,0.256833
,,,4062,0.264402
,,,4063,0.267782
,,,4064,0.266240
,,,4065,0.275031
,,,4066,0.269798
,,,4067,0.261126
,,,4068,0.261799
,,,4069,0.267879
,,,4070,0.276658
,,,4071,0.260624
,,,4072,0.270629
,,,4073,0.261233
,,,4074,0.270741
,,,4075,0.275337
,,,4076,0.263003
,,,4077,0.256316
,,,4078,0.279058
,,,4079,0.257171
,,,4080,0.275245
,,,4081,0.253614
,,,4082,0.269721
,,,4083,0.263777
,,,4084,0.277914
,,,4085,0.268054
,,,4086,0.269946
,,,4087,0.273550
,,,4088,0.263699
,,,4089,0.269014
,,,4090,0.257702
,,,4091,0.275238
,,,4092,0.266618
,,,4093,0.269240
,,,4094,0.262335
,,,4095,0.266667
,,,4096,0.274170
,,,4097,0.263852
,,,4098,0.265739
,,,4099,0.272018
,,,4100,0.274878
,,,4101,0.263107
,,,4102,0.267431
,,,4103,0.260785
,,,4104,0.267788
,,,4105,0.263581
,,,4106,0.278617
,,,4107,0.269296
,,,4108,0.266066
,,,4109,0.262351
,,,4110,0.262774
,,,4111,0.269764
,,,4112,0.276994
,,,4113,0.258935
,,,4114,0.257657
,,,4115,0.278493
,,,4116,0.264820
,,,4117,0.261841
,,,4118,0.257649
,,,4119,0.266812
,,,4120,0.265777
,,,4121,0.270808
,,,4122,0.277050
,,,4123,0.272132
,,,4124,0.260912
,,,4125,0.266424
,,,4126,0.262482
,,,4127,0.267991
,,,4128,0.257025
,,,4129,0.266408
,,,4130,0.276029
,,,4131,0.271605
,,,4132,0.257502
,,,4133,0.255504
,,,4134,0.269231
,,,4135,0.273035
,,,4136,0.265716
,,,4137,0.266377
,,,4138,0.263654
,,,4139,0.257792
,,,4140,0.269807
,,,4141,0.283989
,,,4142,0.272091
,,,4143,0.253922
,,,4144,0.273407
,,,4145,0.256695
,,,4146,0.255668
,,,4147,0.259706
,,,4148,0.257232
,,,4149,0.269463
,,,4150,0.270361
,,,4151,0.258010
,,,4152,0.258911
,,,4153,0.274260
,,,4154,0.266490
,,,4155,0.262094
,,,4156,0.269249
,,,4157,0.258841
,,,4158,0.270803
,,,4159,0.266891
,,,4160,0.262981
,,,4161,0.261956
,,,4162,0.254685
,,,4163,0.269037
,,,4164,0.276657
,,,4165,0.261705
,,,4166,0.256841
,,,4167,0.268778
,,,4168,0.263676
,,,4169,0.276565
,,,4170,0.258273
,,,4171,0.282187
,,,4172,0.264382
,,,4173,0.272705
,,,4174,0.265692
,,,4175,0.273293
,,,4176,0.269875
,,,4177,0.280584
,,,4178,0.261608
,,,4179,0.267050
,,,4180,0.266507
,,,4181,0.270988
,,,4182,0.258728
,,,4183,0.259622
,,,4184,0.267925
,,,4185,0.263799
,,,4186,0.258003
,,,4187,0.260807
,,,4188,0.271251
,,,4189,0.255908
,,,4190,0.264200
,,,4191,0.283465
,,,4192,0.275048
,,,4193,0.271882
,,,4194,0.262756
,,,4195,0.267461
,,,4196,0.267398
,,,4197,0.266619
,,,4198,0.273464
,,,4199,0.270779
,,,4200,0.254524
,,,4201,0.272554
,,,4202,0.260352
,,,4203,0.261242
,,,4204,0.262845
,,,4205,0.267063
,,,4206,0.267951
,,,4207,0.261469
,,,4208,0.252139
,,,4209,0.262770
,,,4210,0.277435
,,,4211,0.272144
,,,4212,0.256648
,,,4213,0.262758
,,,4214,0.270290
,,,4215,0.269039
,,,4216,0.266841
,,,4217,0.265117
,,,4218,0.258179
,,,4219,0.275895
,,,4220,0.274408
,,,4221,0.261312
,,,4222,0.249171
,,,4223,0.271845
,,,4224,0.272964
,,,4225,0.262722
,,,4226,0.264316
,,,4227,0.273480
,,,4228,0.254257
,,,4229,0.266020
,,,4230,0.256028
,,,4231,0.263767
,,,4232,0.266068
,,,4233,0.267659
,,,4234,0.273736
,,,4235,0.262574
,,,4236,0.261804
,,,4237,0.281331
,,,4238,0.272062
,,,4239,0.273885
,,,4240,0.260613
,,,4241,0.262910
,,,4242,0.264498
,,,4243,0.253594
,,,4244,0.257069
,,,4245,0.276796
,,,4246,0.274611
,,,4247,0.266070
,,,4248,0.266714
,,,4249,0.255825
,,,4250,0.257647
,,,4251,0.266996
,,,4252,0.271167
,,,4253,0.265695
,,,4254,0.274800
,,,4255,0.264630
,,,4256,0.258224
,,,4257,0.261687
,,,4258,0.265853
,,,4259,0.268608
,,,4260,0.263380
,,,4261,0.273645
,,,4262,0.266072
,,,4263,0.269294
,,,4264,0.270638
,,,4265,0.257444
,,,4266,0.274730
,,,4267,0.283103
,,,4268,0.273664
,,,4269,0.265167
,,,4270,0.277518
,,,4271,0.276516
,,,4272,0.264045
,,,4273,0.269366
,,,4274,0.270941
,,,4275,0.262222
,,,4276,0.271048
,,,4277,0.251111
,,,4278,0.263207
,,,4279,0.271325
,,,4280,0.270794
,,,4281,0.255314
,,,4282,0.279309
,,,4283,0.265935
,,,4284,0.282446
,,,4285,0.252509
,,,4286,0.262483
,,,4287,0.272685
,,,4288,0.260494
,,,4289,0.260201
,,,4290,0.269231
,,,4291,0.260778
,,,4292,0.264911
,,,4293,0.262753
,,,4294,0.265021
,,,4295,0.278929
,,,4296,0.273743
,,,4297,0.260414
,,,4298,0.261052
,,,4299,0.271691
,,,4300,0.272093
,,,4301,0.263427
,,,4302,0.274059
,,,4303,0.264002
,,,4304,0.270678
,,,4305,0.259233
,,,4306,0.264050
,,,4307,0.282099
,,,4308,0.262535
,,,4309,0.259921
,,,4310,0.258469
,,,4311,0.273486
,,,4312,0.275278
,,,4313,0.252724
,,,4314,0.275151
,,,4315,0.265817
,,,4316,0.259036
,,,4317,0.277508
,,,4318,0.275822
,,,4319,0.264182
,,,4320,0.260417
,,,4321,0.252719
,,,4322,0.265155
,,,4323,0.269951
,,,4324,0.269426
,,,4325,0.258960
,,,4326,0.268608
,,,4327,0.268315
,,,4328,0.267098
,,,4329,0.252714
,,,4330,0.255889
,,,4331,0.263450
,,,4332,0.259234
,,,4333,0.267482
,,,4334,0.254499
,,,4335,0.273126
,,,4336,0.265221
,,,4337,0.264930
,,,4338,0.273167
,,,4339,0.259737
,,,4340,0.267281
,,,4341,0.269984
,,,4342,0.270613
,,,4343,0.271932
,,,4344,0.270028
,,,4345,0.271807
,,,4346,0.268753
,,,4347,0.256959
,,,4348,0.272769
,,,4349,0.263279
,,,4350,0.279080
,,,4351,0.269363
,,,4352,0.258272
,,,4353,0.267632
,,,4354,0.261369
,,,4355,0.276923
,,,4356,0.275941
,,,4357,0.277714
,,,4358,0.259064
,,,4359,0.268410
,,,4360,0.263073
,,,4361,0.257051
,,,4362,0.261119
,,,4363,0.267477
,,,4364,0.249313
,,,4365,0.269416
,,,4366,0.266377
,,,4367,0.272498
,,,4368,0.252518
,,,4369,0.260472
,,,4370,0.263387
,,,4371,0.283230
,,,4372,0.255261
,,,4373,0.262063
,,,4374,0.267718
,,,4375,0.259886
,,,4376,0.273766
,,,4377,0.255198
,,,4378,0.272499
,,,4379,0.266271
,,,4380,0.279680
,,,4381,0.261584
,,,4382,0.267914
,,,4383,0.272188
,,,4384,0.270301
,,,4385,0.264082
,,,4386,0.262882
,,,4387,0.271256
,,,4388,0.267320
,,,4389,0.273639
,,,4390,0.267426
,,,4391,0.264860
,,,4392,0.264572
,,,4393,0.256545
,,,4394,0.252162
,,,4395,0.268714
,,,4396,0.265241
,,,4397,0.280418
,,,4398,0.266712
,,,4399,0.269834
,,,4400,0.246364
,,,4401,0.275392
,,,4402,0.265334
,,,4403,0.269589
,,,4404,0.255677
,,,4405,0.268331
,,,4406,0.266455
,,,4407,0.261402
,,,4408,0.259982
,,,4409,0.269222
,,,4410,0.266213
,,,4411,0.268873
,,,4412,0.273572
,,,4413,0.267165
,,,4414,0.268464
,,,4415,0.259343
,,,4416,0.262228
,,,4417,0.255377
,,,4418,0.273653
,,,4419,0.261598
,,,4420,0.270362
,,,4421,0.266229
,,,4422,0.262551
,,,4423,0.274022
,,,4424,0.266049
,,,4425,0.273220
,,,4426,0.272707
,,,4427,0.264061
,,,4428,0.261066
,,,4429,0.258523
,,,4430,0.272235
,,,4431,0.273302
,,,4432,0.274143
,,,4433,0.264155
,,,4434,0.264547
,,,4435,0.263134
,,,4436,0.271190
,,,4437,0.278116
,,,4438,0.278279
,,,4439,0.267628
,,,4440,0.272523
,,,4441,0.264130
,,,4442,0.273300
,,,4443,0.259059
,,,4444,0.270477
,,,4445,0.269741
,,,4446,0.261583
,,,4447,0.266472
,,,4448,0.265288
,,,4449,0.275568
,,,4450,0.277079
,,,4451,0.265558
,,,4452,0.257862
,,,4453,0.268583
,,,4454,0.264257
,,,4455,0.279237
,,,4456,0.268627
,,,4457,0.273278
,,,4458,0.270749
,,,4459,0.267997
,,,4460,0.266592
,,,4461,0.261376
,,,4462,0.264007
,,,4463,0.271342
,,,4464,0.275538
,,,4465,0.269429
,,,4466,0.266010
,,,4467,0.284531
,,,4468,0.282901
,,,4469,0.273215
,,,4470,0.268904
,,,4471,0.269738
,,,4472,0.272809
,,,4473,0.265594
,,,4474,0.273804
,,,4475,0.261006
,,,4476,0.272341
,,,4477,0.264910
,,,4478,0.272890
,,,4479,0.272605
,,,4480,0.258036
,,,4481,0.272707
,,,4482,0.265060
,,,4483,0.273924
,,,4484,0.264942
,,,4485,0.272018
,,,4486,0.263486
,,,4487,0.269222
,,,4488,0.268271
,,,4489,0.264424
,,,4490,0.273497
,,,4491,0.280116
,,,4492,0.260463
,,,4493,0.254618
,,,4494,0.278594
,,,4495,0.279422
,,,4496,0.261121
,,,4497,0.273293
,,,4498,0.264117
,,,4499,0.248500
,,,4500,0.264889
,,,4501,0.268607
,,,4502,0.270769
,,,4503,0.255607
,,,4504,0.267984
,,,4505,0.276360
,,,4506,0.258988
,,,4507,0.275793
,,,4508,0.266415
,,,4509,0.262142
,,,4510,0.273392
,,,4511,0.271115
,,,4512,0.266844
,,,4513,0.279415
,,,4514,0.274258
,,,4515,0.270432
,,,4516,0.263508
,,,4517,0.257693
,,,4518,0.272244
,,,4519,0.269086
,,,4520,0.252655
,,,4521,0.265870
,,,4522,0.266254
,,,4523,0.270617
,,,4524,0.272546
,,,4525,0.257459
,,,4526,0.277066
,,,4527,0.276563
,,,4528,0.269876
,,,4529,0.256348
,,,4530,0.273731
,,,4531,0.261752
,,,4532,0.263680
,,,4533,0.272226
,,,4534,0.270843
,,,4535,0.267475
,,,4536,0.266093
,,,4537,0.267357
,,,4538,0.267959
,,,4539,0.261732
,,,4540,0.268502
,,,4541,0.270865
,,,4542,0.265081
,,,4543,0.254457
,,,4544,0.267826
,,,4545,0.264246
,,,4546,0.258689
,,,4547,0.257532
,,,4548,0.267590
,,,4549,0.262475
,,,4550,0.268352
,,,4551,0.268952
,,,4552,0.270211
,,,4553,0.265978
,,,4554,0.263505
,,,4555,0.267838
,,,4556,0.267340
,,,4557,0.251701
,,,4558,0.273146
,,,4559,0.266725
,,,4560,0.267544
,,,4561,0.269678
,,,4562,0.269180
,,,4563,0.270217
,,,4564,0.276950
,,,4565,0.263965
,,,4566,0.262155
,,,4567,0.258813
,,,4568,0.270797
,,,4569,0.272707
,,,4570,0.261707
,,,4571,0.269088
,,,4572,0.277122
,,,4573,0.266127
,,,4574,0.271535
,,,4575,0.268634
,,,4576,0.269231
,,,4577,0.273760
,,,4578,0.276758
,,,4579,0.267307
,,,4580,0.267686
,,,4581,0.258241
,,,4582,0.275207
,,,4583,0.264456
,,,4584,0.263962
,,,4585,0.272628
,,,4586,0.262974
,,,4587,0.271637
,,,4588,0.256757
,,,4589,0.258008
,,,4590,0.269281
,,,4591,0.258767
,,,4592,0.263502
,,,4593,0.266057
,,,4594,0.260557
,,,4595,0.262242
,,,4596,0.267624
,,,4597,0.274744
,,,4598,0.272075
,,,4599,0.264840
,,,4600,0.269348
,,,4601,0.269724
,,,4602,0.262929
,,,4603,0.265262
,,,4604,0.267593
,,,4605,0.258198
,,,4606,0.284412
,,,4607,0.258086
,,,4608,0.269748
,,,4609,0.273812
,,,4610,0.270933
,,,4611,0.263934
,,,4612,0.258890
,,,4613,0.267938
,,,4614,0.261595
,,,4615,0.261105
,,,4616,0.258232
,,,4617,0.272688
,,,4618,0.257471
,,,4619,0.260879
,,,4620,0.268398
,,,4621,0.271803
,,,4622,0.276504
,,,4623,0.264763
,,,4624,0.267085
,,,4625,0.257297
,,,4626,0.273887
,,,4627,0.267560
,,,4628,0.255186
,,,4629,0.263988
,,,4630,0.268035
,,,4631,0.253509
,,,4632,0.266623
,,,4633,0.256853
,,,4634,0.275788
,,,4635,0.267961
,,,4636,0.275669
,,,4637,0.267846
,,,4638,0.245149
,,,4639,0.273766
,,,4640,0.280388
,,,4641,0.266968
,,,4642,0.269927
,,,4643,0.252208
,,,4644,0.263997
,,,4645,0.257696
,,,4646,0.270340
,,,4647,0.254573
,,,4648,0.269363
,,,4649,0.266079
,,,4650,0.253978
,,,4651,0.263814
,,,4652,0.263758
,,,4653,0.261982
,,,4654,0.267297
,,,4655,0.269603
,,,4656,0.270619
,,,4657,0.271849
,,,4658,0.262130
,,,4659,0.264220
,,,4660,0.255150
,,,4661,0.264965
,,,4662,0.274560
,,,4663,0.264851
,,,4664,0.262436
,,,4665,0.262379
,,,4666,0.265324
,,,4667,0.269766
,,,4668,0.272065
,,,4669,0.249304
,,,4670,0.266809
,,,4671,0.253907
,,,4672,0.266053
,,,4673,0.268564
,,,4674,0.278348
,,,4675,0.268235
,,,4676,0.278657
,,,4677,0.272397
,,,4678,0.272980
,,,4679,0.269502
,,,4680,0.266239
,,,4681,0.260414
,,,4682,0.258650
,,,4683,0.254965
,,,4684,0.271776
,,,4685,0.268090
,,,4686,0.278276
,,,4687,0.275016
,,,4688,0.257679
,,,4689,0.271486
,,,4690,0.262473
,,,4691,0.269452
,,,4692,0.259165
,,,4693,0.272107
,,,4694,0.251811
,,,4695,0.257721
,,,4696,0.266184
,,,4697,0.261656
,,,4698,0.268838
,,,4699,0.261971
,,,4700,0.266809
,,,4701,0.269304
,,,4702,0.263080
,,,4703,0.266000
,,,4704,0.269345
,,,4705,0.259936
,,,4706,0.255419
,,,4707,0.264075
,,,4708,0.267630
,,,4709,0.259928
,,,4710,0.274098
,,,4711,0.272341
,,,4712,0.265705
,,,4713,0.261617
,,,4714,0.259652
,,,4715,0.259173
,,,4716,0.259118
,,,4717,0.277507
,,,4718,0.263035
,,,4719,0.267218
,,,4720,0.256144
,,,4721,0.281508
,,,4722,0.267260
,,,4723,0.263604
,,,4724,0.264606
,,,4725,0.270899
,,,4726,0.266187
,,,4727,0.265073
,,,4728,0.269247
,,,4729,0.272362
,,,4730,0.265328
,,,4731,0.264637
,,,4732,0.260144
,,,4733,0.267906
,,,4734,0.273342
,,,4735,0.263147
,,,4736,0.272171
,,,4737,0.263247
,,,4738,0.267623
,,,4739,0.268411
,,,4740,0.269620
,,,4741,0.255853
,,,4742,0.260228
,,,4743,0.264179
,,,4744,0.247049
,,,4745,0.263646
,,,4746,0.268437
,,,4747,0.275121
,,,4748,0.268324
,,,4749,0.267004
,,,4750,0.266105
,,,4751,0.258472
,,,4752,0.267466
,,,4753,0.273932
,,,4754,0.268616
,,,4755,0.274027
,,,4756,0.270606
,,,4757,0.258987
,,,4758,0.270702
,,,4759,0.267073
,,,4760,0.272269
,,,4761,0.275572
,,,4762,0.259765
,,,4763,0.259710
,,,4764,0.270361
,,,4765,0.265477
,,,4766,0.268149
,,,4767,0.272498
,,,4768,0.254614
,,,4769,0.266303
,,,4770,0.278197
,,,4771,0.260323
,,,4772,0.262573
,,,4773,0.266918
,,,4774,0.265396
,,,4775,0.267225
,,,4776,0.265075
,,,4777,0.259786
,,,4778,0.260569
,,,4779,0.268048
,,,4780,0.269038
,,,4781,0.275884
,,,4782,0.265579
,,,4783,0.277650
,,,4784,0.256271
,,,4785,0.262278
,,,4786,0.262432
,,,4787,0.257573
,,,4788,0.262322
,,,4789,0.264356
,,,4790,0.270981
,,,4791,0.280943
,,,4792,0.265651
,,,4793,0.256624
,,,4794,0.257196
,,,4795,0.259645
,,,4796,0.268349
,,,4797,0.267459
,,,4798,0.261984
,,,4799,0.261513
,,,4800,0.270000
,,,4801,0.257655
,,,4802,0.267805
,,,4803,0.257756
,,,4804,0.254996
,,,4805,0.269095
,,,4806,0.266958
,,,4807,0.280840
,,,4808,0.264351
,,,4809,0.265960
,,,4810,0.267983
,,,4811,0.281438
,,,4812,0.260806
,,,4813,0.268647
,,,4814,0.255920
,,,4815,0.269159
,,,4816,0.283638
,,,4817,0.277974
,,,4818,0.271274
,,,4819,0.262710
,,,4820,0.263071
,,,4821,0.272972
,,,4822,0.254251
,,,4823,0.266017
,,,4824,0.269071
,,,4825,0.271088
,,,4826,0.263158
,,,4827,0.259167
,,,4828,0.264292
,,,4829,0.269000
,,,4830,0.271429
,,,4831,0.266611
,,,4832,0.274421
,,,4833,0.259466
,,,4834,0.259826
,,,4835,0.264943
,,,4836,0.264682
,,,4837,0.274757
,,,4838,0.269326
,,,4839,0.277950
,,,4840,0.270455
,,,4841,0.261929
,,,4842,0.264147
,,,4843,0.267603
,,,4844,0.266515
,,,4845,0.267492
,,,4846,0.272183
,,,4847,0.260780
,,,4848,0.259076
,,,4849,0.269746
,,,4850,0.263918
,,,4851,0.261596
,,,4852,0.262160
,,,4853,0.281887
,,,4854,0.263906
,,,4855,0.271885
,,,4856,0.255354
,,,4857,0.266420
,,,4858,0.262248
,,,4859,0.262811
,,,4860,0.264609
,,,4861,0.262497
,,,4862,0.261826
,,,4863,0.266913
,,,4864,0.274260
,,,4865,0.269065
,,,4866,0.271270
,,,4867,0.271214
,,,4868,0.266639
,,,4869,0.261655
,,,4870,0.267351
,,,4871,0.277150
,,,4872,0.277709
,,,4873,0.263288
,,,4874,0.274108
,,,4875,0.265026
,,,4876,0.255332
,,,4877,0.264712
,,,4878,0.263428
,,,4879,0.263169
,,,4880,0.268238
,,,4881,0.259168
,,,4882,0.267513
,,,4883,0.278313
,,,4884,0.272113
,,,4885,0.261412
,,,4886,0.278142
,,,4887,0.265398
,,,4888,0.269845
,,,4889,0.275516
,,,4890,0.264622
,,,4891,0.266203
,,,4892,0.260630
,,,4893,0.263642
,,,4894,0.266244
,,,4895,0.270276
,,,4896,0.263480
,,,4897,0.261385
,,,4898,0.264802
,,,4899,0.272096
,,,4900,0.257755
,,,4901,0.265048
,,,4902,0.274582
,,,4903,0.272282
,,,4904,0.268964
,,,4905,0.269113
,,,4906,0.262943
,,,4907,0.274302
,,,4908,0.271190
,,,4909,0.268690
,,,4910,0.255804
,,,4911,0.265119
,,,4912,0.266287
,,,4913,0.262162
,,,4914,0.258852
,,,4915,0.269176
,,,4916,0.275834
,,,4917,0.263169
,,,4918,0.277349
,,,4919,0.268957
,,,4920,0.267480
,,,4921,0.269864
,,,4922,0.273669
,,,4923,0.277676
,,,4924,0.267262
,,,4925,0.268629
,,,4926,0.269793
,,,4927,0.267912
,,,4928,0.269886
,,,4929,0.272063
,,,4930,0.254158
,,,4931,0.272561
,,,4932,0.273114
,,,4933,0.265153
,,,4934,0.274625
,,,4935,0.265451
,,,4936,0.256483
,,,4937,0.260280
,,,4938,0.271365
,,,4939,0.255517
,,,4940,0.271457
,,,4941,0.270795
,,,4942,0.258397
,,,4943,0.254299
,,,4944,0.265372
,,,4945,0.274216
,,,4946,0.262839
,,,4947,0.269861
,,,4948,0.272635
,,,4949,0.259850
,,,4950,0.272525
,,,4951,0.261361
,,,4952,0.260905
,,,4953,0.263275
,,,4954,0.260597
,,,4955,0.276690
,,,4956,0.271186
,,,4957,0.265281
,,,4958,0.268455
,,,4959,0.265779
,,,4960,0.272177
,,,4961,0.272526
,,,4962,0.268440
,,,4963,0.262341
,,,4964,0.261080
,,,4965,0.266465
,,,4966,0.276480
,,,4967,0.274210
,,,4968,0.253221
,,,4969,0.265647
,,,4970,0.266197
,,,4971,0.265339
,,,4972,0.269308
,,,4973,0.273276
,,,4974,0.258745
,,,4975,0.280804
,,,4976,0.262661
,,,4977,0.267631
,,,4978,0.279429
,,,4979,0.264712
,,,4980,0.275904
,,,4981,0.257980
,,,4982,0.271176
,,,4983,0.272727
,,,4984,0.272271
,,,4985,0.267402
,,,4986,0.272964
,,,4987,0.278925
,,,4988,0.266840
,,,4989,0.263179
,,,4990,0.268337
,,,4991,0.275095
,,,4992,0.269631
,,,4993,0.258762
,,,4994,0.272727
,,,4995,0.255055
,,,4996,0.262810
,,,4997,0.263158
,,,4998,0.266106
,,,4999,0.262653
,,,5000,0.267000
,,,5001,0.269746
,,,5002,0.270292
,,,5003,0.263642
,,,5004,0.264189
,,,5005,0.268931
,,,5006,0.263883
,,,5007,0.265428
,,,5008,0.269369
,,,5009,0.267718
,,,5010,0.275649
,,,5011,0.278587
,,,5012,0.267757
,,,5013,0.263515
,,,5014,0.274033
,,,5015,0.266800
,,,5016,0.262759
,,,5017,0.256129
,,,5018,0.268832
,,,5019,0.267782
,,,5020,0.262948
,,,5021,0.259112
,,,5022,0.259857
,,,5023,0.261398
,,,5024,0.271696
,,,5025,0.269055
,,,5026,0.261043
,,,5027,0.276706
,,,5028,0.261734
,,,5029,0.266852
,,,5030,0.273559
,,,5031,0.263765
,,,5032,0.264308
,,,5033,0.265448
,,,5034,0.272547
,,,5035,0.276266
,,,5036,0.268070
,,,5037,0.273774
,,,5038,0.264986
,,,5039,0.264735
,,,5040,0.266071
,,,5041,0.264035
,,,5042,0.271916
,,,5043,0.279397
,,,5044,0.268239
,,,5045,0.263627
,,,5046,0.269124
,,,5047,0.261145
,,,5048,0.267829
,,,5049,0.263815
,,,5050,0.253861
,,,5051,0.265690
,,,5052,0.277118
,,,5053,0.255888
,,,5054,0.265730
,,,5055,0.268447
,,,5056,0.265625
,,,5057,0.263595
,,,5058,0.277382
,,,5059,0.257165
,,,5060,0.262648
,,,5061,0.261411
,,,5062,0.272422
,,,5063,0.269603
,,,5064,0.279621
,,,5065,0.263179
,,,5066,0.268654
,,,5067,0.278074
,,,5068,0.259077
,,,5069,0.263366
,,,5070,0.268639
,,,5071,0.264248
,,,5072,0.272476
,,,5073,0.260990
,,,5074,0.277099
,,,5075,0.271330
,,,5076,0.265366
,,,5077,0.262557
,,,5078,0.267428
,,,5079,0.268754
,,,5080,0.263780
,,,5081,0.262350
,,,5082,0.263282
,,,5083,0.269919
,,,5084,0.263572
,,,5085,0.261947
,,,5086,0.264058
,,,5087,0.260664
,,,5088,0.261792
,,,5089,0.270387
,,,5090,0.269155
,,,5091,0.266352
,,,5092,0.260801
,,,5093,0.265855
,,,5094,0.251276
,,,5095,0.260844
,,,5096,0.277080
,,,5097,0.272513
,,,5098,0.266379
,,,5099,0.258874
,,,5100,0.257059
,,,5101,0.264654
,,,5102,0.265386
,,,5103,0.259847
,,,5104,0.264498
,,,5105,0.268756
,,,5106,0.271054
,,,5107,0.261993
,,,5108,0.270556
,,,5109,0.262282
,,,5110,0.254795
,,,5111,0.271767
,,,5112,0.262520
,,,5113,0.272443
,,,5114,0.262612
,,,5115,0.256500
,,,5116,0.269742
,,,5117,0.264608
,,,5118,0.262016
,,,5119,0.271733
,,,5120,0.270313
,,,5121,0.262253
,,,5122,0.264740
,,,5123,0.262541
,,,5124,0.260343
,,,5125,0.268098
,,,5126,0.266680
,,,5127,0.256875
,,,5128,0.264626
,,,5129,0.260090
,,,5130,0.255556
,,,5131,0.268759
,,,5132,0.275526
,,,5133,0.268849
,,,5134,0.268601
,,,5135,0.267186
,,,5136,0.257593
,,,5137,0.265330
,,,5138,0.267030
,,,5139,0.262113
,,,5140,0.273930
,,,5141,0.270181
,,,5142,0.252236
,,,5143,0.274937
,,,5144,0.260303
,,,5145,0.277551
,,,5146,0.273805
,,,5147,0.267146
,,,5148,0.265540
,,,5149,0.270150
,,,5150,0.271845
,,,5151,0.268686
,,,5152,0.262811
,,,5153,0.277702
,,,5154,0.254948
,,,5155,0.269447
,,,5156,0.269201
,,,5157,0.258484
,,,5158,0.278596
,,,5159,0.266331
,,,5160,0.268798
,,,5161,0.269909
,,,5162,0.267145
,,,5163,0.271935
,,,5164,0.268590
,,,5165,0.258083
,,,5166,0.264228
,,,5167,0.272692
,,,5168,0.274574
,,,5169,0.264461
,,,5170,0.257060
,,,5171,0.265906
,,,5172,0.266628
,,,5173,0.269090
,,,5174,0.270777
,,,5175,0.268599
,,,5176,0.277628
,,,5177,0.270427
,,,5178,0.252028
,,,5179,0.270129
,,,5180,0.264672
,,,5181,0.268867
,,,5182,0.261096
,,,5183,0.265869
,,,5184,0.271026
,,,5185,0.264609
,,,5186,0.276707
,,,5187,0.260652
,,,5188,0.271781
,,,5189,0.274041
,,,5190,0.261850
,,,5191,0.253901
,,,5192,0.267527
,,,5193,0.273638
,,,5194,0.263381
,,,5195,0.270067
,,,5196,0.252694
,,,5197,0.260150
,,,5198,0.272028
,,,5199,0.269283
,,,5200,0.261731
,,,5201,0.269756
,,,5202,0.272011
,,,5203,0.269268
,,,5204,0.254228
,,,5205,0.274352
,,,5206,0.259316
,,,5207,0.266372
,,,5208,0.260369
,,,5209,0.266270
,,,5210,0.261804
,,,5211,0.264057
,,,5212,0.266692
,,,5213,0.274122
,,,5214,0.267932
,,,5215,0.276894
,,,5216,0.276649
,,,5217,0.266245
,,,5218,0.270027
,,,5219,0.263460
,,,5220,0.267625
,,,5221,0.261636
,,,5222,0.258905
,,,5223,0.263067
,,,5224,0.258614
,,,5225,0.260287
,,,5226,0.270379
,,,5227,0.266118
,,,5228,0.260329
,,,5229,0.267164
,,,5230,0.250478
,,,5231,0.261136
,,,5232,0.258601
,,,5233,0.265622
,,,5234,0.263661
,,,5235,0.275072
,,,5236,0.267189
,,,5237,0.261409
,,,5238,0.275869
,,,5239,0.267417
,,,5240,0.265458
,,,5241,0.263690
,,,5242,0.261160
,,,5243,0.272745
,,,5244,0.272311
,,,5245,0.263298
,,,5246,0.269920
,,,5247,0.269487
,,,5248,0.275152
,,,5249,0.274910
,,,5250,0.274095
,,,5251,0.258998
,,,5252,0.260472
,,,5253,0.262136
,,,5254,0.270270
,,,5255,0.259562
,,,5256,0.273402
,,,5257,0.257561
,,,5258,0.273298
,,,5259,0.264119
,,,5260,0.268821
,,,5261,0.274663
,,,5262,0.264538
,,,5263,0.269998
,,,5264,0.270897
,,,5265,0.260779
,,,5266,0.265287
,,,5267,0.268084
,,,5268,0.263478
,,,5269,0.258493
,,,5270,0.255028
,,,5271,0.270727
,,,5272,0.270486
,,,5273,0.274038
,,,5274,0.262799
,,,5275,0.254787
,,,5276,0.274640
,,,5277,0.258101
,,,5278,0.267147
,,,5279,0.265202
,,,5280,0.260985
,,,5281,0.262450
,,,5282,0.261075
,,,5283,0.264244
,,,5284,0.273467
,,,5285,0.256764
,,,5286,0.262580
,,,5287,0.271420
,,,5288,0.273828
,,,5289,0.277557
,,,5290,0.265217
,,,5291,0.274428
,,,5292,0.262661
,,,5293,0.274891
,,,5294,0.263695
,,,5295,0.269688
,,,5296,0.264539
,,,5297,0.264112
,,,5298,0.263496
,,,5299,0.270428
,,,5300,0.273962
,,,5301,0.269949
,,,5302,0.262920
,,,5303,0.265699
,,,5304,0.262066
,,,5305,0.268992
,,,5306,0.274595
,,,5307,0.264745
,,,5308,0.265260
,,,5309,0.280467
,,,5310,0.274765
,,,5311,0.258143
,,,5312,0.269390
,,,5313,0.262187
,,,5314,0.261197
,,,5315,0.258514
,,,5316,0.274643
,,,5317,0.272710
,,,5318,0.280181
,,,5319,0.268848
,,,5320,0.260526
,,,5321,0.269310
,,,5322,0.265314
,,,5323,0.270148
,,,5324,0.261833
,,,5325,0.267793
,,,5326,0.266992
,,,5327,0.266379
,,,5328,0.273086
,,,5329,0.264215
,,,5330,0.273171
,,,5331,0.259238
,,,5332,0.262753
,,,5333,0.264017
,,,5334,0.266029
,,,5335,0.273290
,,,5336,0.274550
,,,5337,0.264381
,,,5338,0.260772
,,,5339,0.265031
,,,5340,0.270412
,,,5341,0.274668
,,,5342,0.268252
,,,5343,0.274939
,,,5344,0.261415
,,,5345,0.269411
,,,5346,0.263187
,,,5347,0.272115
,,,5348,0.260658
,,,5349,0.264909
,,,5350,0.270654
,,,5351,0.260699
,,,5352,0.270179
,,,5353,0.264151
,,,5354,0.261113
,,,5355,0.261998
,,,5356,0.264563
,,,5357,0.261714
,,,5358,0.265211
,,,5359,0.270200
,,,5360,0.261754
,,,5361,0.278866
,,,5362,0.268370
,,,5363,0.271676
,,,5364,0.256525
,,,5365,0.266170
,,,5366,0.258293
,,,5367,0.274641
,,,5368,0.262854
,,,5369,0.260756
,,,5370,0.264804
,,,5371,0.265314
,,,5372,0.277736
,,,5373,0.263912
,,,5374,0.263677
,,,5375,0.264558
,,,5376,0.272879
,,,5377,0.271527
,,,5378,0.270547
,,,5379,0.262131
,,,5380,0.271190
,,,5381,0.265192
,,,5382,0.274805
,,,5383,0.278283
,,,5384,0.265230
,,,5385,0.273166
,,,5386,0.269588
,,,5387,0.264897
,,,5388,0.257424
,,,5389,0.259417
,,,5390,0.268646
,,,5391,0.264886
,,,5392,0.269288
,,,5393,0.271278
,,,5394,0.269744
,,,5395,0.258943
,,,5396,0.273165
,,,5397,0.261627
,,,5398,0.272138
,,,5399,0.259678
,,,5400,0.265185
,,,5401,0.278467
,,,5402,0.272677
,,,5403,0.264113
,,,5404,0.261103
,,,5405,0.265865
,,,5406,0.280429
,,,5407,0.266876
,,,5408,0.262389
,,,5409,0.264929
,,,5410,0.266913
,,,5411,0.266864
,,,5412,0.265152
,,,5413,0.271014
,,,5414,0.261175
,,,5415,0.248015
,,,5416,0.254247
,,,5417,0.264722
,,,5418,0.261166
,,,5419,0.264624
,,,5420,0.263469
,,,5421,0.255119
,,,5422,0.262818
,,,5423,0.264245
,,,5424,0.260509
,,,5425,0.262673
,,,5426,0.272208
,,,5427,0.273816
,,,5428,0.270450
,,,5429,0.267268
,,,5430,0.260958
,,,5431,0.262014
,,,5432,0.271907
,,,5433,0.258053
,,,5434,0.266102
,,,5435,0.262925
,,,5436,0.261773
,,,5437,0.262829
,,,5438,0.269584
,,,5439,0.279463
,,,5440,0.263971
,,,5441,0.273295
,,,5442,0.267549
,,,5443,0.258130
,,,5444,0.279023
,,,5445,0.264463
,,,5446,0.270841
,,,5447,0.269690
,,,5448,0.255507
,,,5449,0.271609
,,,5450,0.269541
,,,5451,0.265823
,,,5452,0.264857
,,,5453,0.269393
,,,5454,0.266960
,,,5455,0.260495
,,,5456,0.262097
,,,5457,0.259850
,,,5458,0.271162
,,,5459,0.267448
,,,5460,0.275092
,,,5461,0.272111
,,,5462,0.272062
,,,5463,0.277320
,,,5464,0.266471
,,,5465,0.259652
,,,5466,0.266557
,,,5467,0.267606
,,,5468,0.268471
,,,5469,0.263485
,,,5470,0.254662
,,,5471,0.265217
,,,5472,0.263706
,,,5473,0.264389
,,,5474,0.268908
,,,5475,0.260091
,,,5476,0.267531
,,,5477,0.270038
,,,5478,0.262322
,,,5479,0.262822
,,,5480,0.260036
,,,5481,0.265827
,,,5482,0.263772
,,,5483,0.262448
,,,5484,0.272429
,,,5485,0.269644
,,,5486,0.269413
,,,5487,0.269182
,,,5488,0.265671
,,,5489,0.270723
,,,5490,0.263934
,,,5491,0.266982
,,,5492,0.258194
,,,5493,0.258329
,,,5494,0.259920
,,,5495,0.274431
,,,5496,0.259098
,,,5497,0.278697
,,,5498,0.271735
,,,5499,0.278778
,,,5500,0.259091
,,,5501,0.262498
,,,5502,0.268266
,,,5503,0.280574
,,,5504,0.271984
,,,5505,0.262852
,,,5506,0.264076
,,,5507,0.274923
,,,5508,0.263980
,,,5509,0.266473
,,,5510,0.268603
,,,5511,0.266558
,,,5512,0.273766
,,,5513,0.263196
,,,5514,0.267138
,,,5515,0.269084
,,,5516,0.266316
,,,5517,0.261193
,,,5518,0.260602
,,,5519,0.264359
,,,5520,0.253261
,,,5521,0.264988
,,,5522,0.262767
,,,5523,0.268876
,,,5524,0.273353
,,,5525,0.270950
,,,5526,0.273978
,,,5527,0.270128
,,,5528,0.265738
,,,5529,0.258094
,,,5530,0.256600
,,,5531,0.272283
,,,5532,0.261388
,,,5533,0.261883
,,,5534,0.281171
,,,5535,0.260163
,,,5536,0.265715
,,,5537,0.271808
,,,5538,0.270856
,,,5539,0.260877
,,,5540,0.272744
,,,5541,0.269626
,,,5542,0.270300
,,,5543,0.263395
,,,5544,0.269841
,,,5545,0.263120
,,,5546,0.264695
,,,5547,0.263926
,,,5548,0.269286
,,,5549,0.264372
,,,5550,0.269189
,,,5551,0.272383
,,,5552,0.266030
,,,5553,0.264542
,,,5554,0.273857
,,,5555,0.263366
,,,5556,0.253780
,,,5557,0.268490
,,,5558,0.259446
,,,5559,0.271452
,,,5560,0.271942
,,,5561,0.270455
,,,5562,0.270946
,,,5563,0.258314
,,,5564,0.272825
,,,5565,0.275112
,,,5566,0.264463
,,,5567,0.265493
,,,5568,0.266882
,,,5569,0.263063
,,,5570,0.268043
,,,5571,0.271226
,,,5572,0.277459
,,,5573,0.272026
,,,5574,0.253140
,,,5575,0.271031
,,,5576,0.275287
,,,5577,0.262507
,,,5578,0.263177
,,,5579,0.274960
,,,5580,0.256093
,,,5581,0.267515
,,,5582,0.262272
,,,5583,0.278524
,,,5584,0.268266
,,,5585,0.262489
,,,5586,0.264948
,,,5587,0.261679
,,,5588,0.263780
,,,5589,0.265164
,,,5590,0.262791
,,,5591,0.268288
,,,5592,0.273069
,,,5593,0.268192
,,,5594,0.257776
,,,5595,0.273101
,,,5596,0.268942
,,,5597,0.262462
,,,5598,0.266166
,,,5599,0.273799
,,,5600,0.273929
,,,5601,0.265131
,,,5602,0.273117
,,,5603,0.267892
,,,5604,0.270878
,,,5605,0.261552
,,,5606,0.247413
,,,5607,0.263777
,,,5608,0.263909
,,,5609,0.258157
,,,5610,0.260606
,,,5611,0.265193
,,,5612,0.264255
,,,5613,0.264386
,,,5614,0.264517
,,,5615,0.263580
,,,5616,0.259972
,,,5617,0.272031
,,,5618,0.262193
,,,5619,0.276206
,,,5620,0.261210
,,,5621,0.256004
,,,5622,0.270544
,,,5623,0.274764
,,,5624,0.258001
,,,5625,0.261156
,,,5626,0.272840
,,,5627,0.258219
,,,5628,0.261727
,,,5629,0.271096
,,,5630,0.261634
,,,5631,0.257681
,,,5632,0.280717
,,,5633,0.267353
,,,5634,0.269258
,,,5635,0.265484
,,,5636,0.266501
,,,5637,0.275146
,,,5638,0.276871
,,,5639,0.266359
,,,5640,0.263121
,,,5641,0.259351
,,,5642,0.272067
,,,5643,0.269892
,,,5644,0.266832
,,,5645,0.260585
,,,5646,0.271165
,,,5647,0.265628
,,,5648,0.262394
,,,5649,0.262878
,,,5650,0.269912
,,,5651,0.271987
,,,5652,0.271231
,,,5653,0.276490
,,,5654,0.268482
,,,5655,0.249514
,,,5656,0.267680
,,,5657,0.265865
,,,5658,0.264228
,,,5659,0.265418
,,,5660,0.267845
,,,5661,0.267797
,,,5662,0.264747
,,,5663,0.270351
,,,5664,0.274188
,,,5665,0.260018
,,,5666,0.273032
,,,5667,0.267161
,,,5668,0.271701
,,,5669,0.276592
,,,5670,0.259083
,,,5671,0.257450
,,,5672,0.271157
,,,5673,0.261414
,,,5674,0.266479
,,,5675,0.258855
,,,5676,0.268147
,,,5677,0.252246
,,,5678,0.273512
,,,5679,0.263779
,,,5680,0.269894
,,,5681,0.271783
,,,5682,0.265751
,,,5683,0.261658
,,,5684,0.265834
,,,5685,0.272823
,,,5686,0.258354
,,,5687,0.276947
,,,5688,0.265823
,,,5689,0.270346
,,,5690,0.268014
,,,5691,0.276928
,,,5692,0.267920
,,,5693,0.275602
,,,5694,0.261679
,,,5695,0.264267
,,,5696,0.254565
,,,5697,0.263121
,,,5698,0.276939
,,,5699,0.265661
,,,5700,0.257193
,,,5701,0.270479
,,,5702,0.266573
,,,5703,0.271962
,,,5704,0.265252
,,,5705,0.273269
,,,5706,0.260077
,,,5707,0.258455
,,,5708,0.267870
,,,5709,0.268699
,,,5710,0.269177
,,,5711,0.266853
,,,5712,0.256828
,,,5713,0.272361
,,,5714,0.270564
,,,5715,0.261242
,,,5716,0.275192
,,,5717,0.267623
,,,5718,0.268625
,,,5719,0.259661
,,,5720,0.270105
,,,5721,0.265688
,,,5722,0.267564
,,,5723,0.262799
,,,5724,0.266597
,,,5725,0.263755
,,,5726,0.257772
,,,5727,0.260870
,,,5728,0.272696
,,,5729,0.261302
,,,5730,0.248866
,,,5731,0.271331
,,,5732,0.277739
,,,5733,0.265306
,,,5734,0.269097
,,,5735,0.274106
,,,5736,0.266562
,,,5737,0.269130
,,,5738,0.269606
,,,5739,0.265726
,,,5740,0.263763
,,,5741,0.270510
,,,5742,0.274121
,,,5743,0.257705
,,,5744,0.266539
,,,5745,0.273803
,,,5746,0.264358
,,,5747,0.267618
,,,5748,0.264614
,,,5749,0.270134
,,,5750,0.267826
,,,5751,0.262737
,,,5752,0.271905
,,,5753,0.261255
,,,5754,0.265554
,,,5755,0.267593
,,,5756,0.265288
,,,5757,0.266979
,,,5758,0.264154
,,,5759,0.266366
,,,5760,0.267014
,,,5761,0.256726
,,,5762,0.270392
,,,5763,0.272081
,,,5764,0.261103
,,,5765,0.270078
,,,5766,0.263267
,,,5767,0.273106
,,,5768,0.271498
,,,5769,0.262611
,,,5770,0.263951
,,,5771,0.272916
,,,5772,0.261954
,,,5773,0.268318
,,,5774,0.265501
,,,5775,0.265801
,,,5776,0.269564
,,,5777,0.261208
,,,5778,0.257702
,,,5779,0.270808
,,,5780,0.275779
,,,5781,0.272271
,,,5782,0.265825
,,,5783,0.268200
,,,5784,0.264869
,,,5785,0.265860
,,,5786,0.274283
,,,5787,0.264904
,,,5788,0.269523
,,,5789,0.266540
,,,5790,0.273230
,,,5791,0.271110
,,,5792,0.261222
,,,5793,0.265665
,,,5794,0.279600
,,,5795,0.268507
,,,5796,0.268979
,,,5797,0.267380
,,,5798,0.269748
,,,5799,0.273668
,,,5800,0.262586
,,,5801,0.262886
,,,5802,0.273182
,,,5803,0.269860
,,,5804,0.268780
,,,5805,0.263221
,,,5806,0.275577
,,,5807,0.269502
,,,5808,0.269972
,,,5809,0.264589
,,,5810,0.266093
,,,5811,0.271038
,,,5812,0.264797
,,,5813,0.269396
,,,5814,0.263330
,,,5815,0.265004
,,,5816,0.263583
,,,5817,0.269383
,,,5818,0.266243
,,,5819,0.263447
,,,5820,0.274570
,,,5821,0.271603
,,,5822,0.255754
,,,5823,0.266873
,,,5824,0.268029
,,,5825,0.266953
,,,5826,0.262273
,,,5827,0.263257
,,,5828,0.272135
,,,5829,0.274147
,,,5830,0.265009
,,,5831,0.265649
,,,5832,0.263203
,,,5833,0.272073
,,,5834,0.259170
,,,5835,0.265296
,,,5836,0.271247
,,,5837,0.266061
,,,5838,0.264132
,,,5839,0.262031
,,,5840,0.262500
,,,5841,0.271186
,,,5842,0.266861
,,,5843,0.258087
,,,5844,0.271389
,,,5845,0.271172
,,,5846,0.268731
,,,5847,0.261331
,,,5848,0.259234
,,,5849,0.274577
,,,5850,0.264957
,,,5851,0.272432
,,,5852,0.266576
,,,5853,0.270801
,,,5854,0.261872
,,,5855,0.269342
,,,5856,0.270150
,,,5857,0.271812
,,,5858,0.270399
,,,5859,0.259771
,,,5860,0.263652
,,,5861,0.264631
,,,5862,0.268509
,,,5863,0.270339
,,,5864,0.259720
,,,5865,0.268201
,,,5866,0.263041
,,,5867,0.267598
,,,5868,0.263804
,,,5869,0.260862
,,,5870,0.262862
,,,5871,0.271504
,,,5872,0.274183
,,,5873,0.267495
,,,5874,0.261321
,,,5875,0.267404
,,,5876,0.266338
,,,5877,0.273269
,,,5878,0.269650
,,,5879,0.265691
,,,5880,0.266327
,,,5881,0.258289
,,,5882,0.270656
,,,5883,0.258202
,,,5884,0.265806
,,,5885,0.271878
,,,5886,0.256371
,,,5887,0.265670
,,,5888,0.276834
,,,5889,0.273900
,,,5890,0.264856
,,,5891,0.263622
,,,5892,0.259504
,,,5893,0.267606
,,,5894,0.266712
,,,5895,0.264970
,,,5896,0.266961
,,,5897,0.264711
,,,5898,0.266870
,,,5899,0.278352
,,,5900,0.262203
,,,5901,0.268768
,,,5902,0.266012
,,,5903,0.265628
,,,5904,0.269817
,,,5905,0.262997
,,,5906,0.264477
,,,5907,0.270696
,,,5908,0.267773
,,,5909,0.272296
,,,5910,0.268697
,,,5911,0.262561
,,,5912,0.263024
,,,5913,0.263995
,,,5914,0.268008
,,,5915,0.265427
,,,5916,0.259973
,,,5917,0.270745
,,,5918,0.273572
,,,5919,0.259841
,,,5920,0.269595
,,,5921,0.270900
,,,5922,0.255488
,,,5923,0.263380
,,,5924,0.268231
,,,5925,0.268017
,,,5926,0.272190
,,,5927,0.269445
,,,5928,0.261808
,,,5929,0.266655
,,,5930,0.260877
,,,5931,0.274153
,,,5932,0.266689
,,,5933,0.257037
,,,5934,0.263229
,,,5935,0.259983
,,,5936,0.271395
,,,5937,0.269496
,,,5938,0.271472
,,,5939,0.269911
,,,5940,0.254882
,,,5941,0.278236
,,,5942,0.262538
,,,5943,0.269393
,,,5944,0.264805
,,,5945,0.256013
,,,5946,0.272284
,,,5947,0.258954
,,,5948,0.269334
,,,5949,0.261388
,,,5950,0.267059
,,,5951,0.262813
,,,5952,0.256552
,,,5953,0.255837
,,,5954,0.265368
,,,5955,0.271704
,,,5956,0.278375
,,,5957,0.263220
,,,5958,0.268882
,,,5959,0.264810
,,,5960,0.267282
,,,5961,0.279316
,,,5962,0.275411
,,,5963,0.258427
,,,5964,0.268612
,,,5965,0.270411
,,,5966,0.262152
,,,5967,0.264119
,,,5968,0.274129
,,,5969,0.273413
,,,5970,0.272027
,,,5971,0.263440
,,,5972,0.281145
,,,5973,0.266198
,,,5974,0.266153
,,,5975,0.272971
,,,5976,0.271921
,,,5977,0.266522
,,,5978,0.269990
,,,5979,0.263589
,,,5980,0.273913
,,,5981,0.261495
,,,5982,0.260615
,,,5983,0.267592
,,,5984,0.267380
,,,5985,0.267001
,,,5986,0.266622
,,,5987,0.265575
,,,5988,0.275384
,,,5989,0.267657
,,,5990,0.272287
,,,5991,0.267067
,,,5992,0.274032
,,,5993,0.268814
,,,5994,0.264431
,,,5995,0.264554
,,,5996,0.263509
,,,5997,0.264466
,,,5998,0.267089
,,,5999,0.276213
,,,6000,0.276667
,,,6001,0.264456
,,,6002,0.258247
,,,6003,0.273863
,,,6004,0.269320
,,,6005,0.265445
,,,6006,0.269397
,,,6007,0.271517
,,,6008,0.279627
,,,6009,0.264770
,,,6010,0.262729
,,,6011,0.267676
,,,6012,0.270126
,,,6013,0.271246
,,,6014,0.265713
,,,6015,0.269493
,,,6016,0.271443
,,,6017,0.267409
,,,6018,0.268860
,,,6019,0.265825
,,,6020,0.264286
,,,6021,0.267065
,,,6022,0.272999
,,,6023,0.266811
,,,6024,0.274568
,,,6025,0.260083
,,,6026,0.270495
,,,6027,0.273768
,,,6028,0.266921
,,,6029,0.266877
,,,6030,0.265506
,,,6031,0.261317
,,,6032,0.262599
,,,6033,0.272667
,,,6034,0.264170
,,,6035,0.278708
,,,6036,0.264911
,,,6037,0.275137
,,,6038,0.266810
,,,6039,0.266269
,,,6040,0.281457
,,,6041,0.277106
,,,6042,0.259020
,,,6043,0.273043
,,,6044,0.251324
,,,6045,0.267163
,,,6046,0.257360
,,,6047,0.272532
,,,6048,0.268353
,,,6049,0.276740
,,,6050,0.269256
,,,6051,0.264419
,,,6052,0.262723
,,,6053,0.265819
,,,6054,0.263297
,,,6055,0.273823
,,,6056,0.272952
,,,6057,0.262176
,,,6058,0.268075
,,,6059,0.264730
,,,6060,0.257756
,,,6061,0.265138
,,,6062,0.258166
,,,6063,0.260597
,,,6064,0.260224
,,,6065,0.264468
,,,6066,0.269205
,,,6067,0.264051
,,,6068,0.273566
,,,6069,0.259186
,,,6070,0.274135
,,,6071,0.261077
,,,6072,0.270916
,,,6073,0.252264
,,,6074,0.263912
,,,6075,0.259918
,,,6076,0.261192
,,,6077,0.265756
,,,6078,0.258638
,,,6079,0.263859
,,,6080,0.275000
,,,6081,0.257195
,,,6082,0.268333
,,,6083,0.275358
,,,6084,0.260191
,,,6085,0.259819
,,,6086,0.266020
,,,6087,0.271234
,,,6088,0.263962
,,,6089,0.260798
,,,6090,0.272414
,,,6091,0.268429
,,,6092,0.274787
,,,6093,0.272280
,,,6094,0.268953
,,,6095,0.263002
,,,6096,0.266568
,,,6097,0.268001
,,,6098,0.272876
,,,6099,0.261190
,,,6100,0.264918
,,,6101,0.275201
,,,6102,0.266306
,,,6103,0.267573
,,,6104,0.267366
,,,6105,0.270106
,,,6106,0.258762
,,,6107,0.265106
,,,6108,0.266863
,,,6109,0.270257
,,,6110,0.266939
,,,6111,0.273932
,,,6112,0.261453
,,,6113,0.269589
,,,6114,0.265129
,,,6115,0.265249
,,,6116,0.269457
,,,6117,0.274644
,,,6118,0.271004
,,,6119,0.267854
,,,6120,0.266340
,,,6121,0.262049
,,,6122,0.270990
,,,6123,0.264740
,,,6124,0.269105
,,,6125,0.270041
,,,6126,0.269344
,,,6127,0.269463
,,,6128,0.258159
,,,6129,0.265786
,,,6130,0.261664
,,,6131,0.260643
,,,6132,0.265492
,,,6133,0.262025
,,,6134,0.266058
,,,6135,0.267482
,,,6136,0.277705
,,,6137,0.263973
,,,6138,0.255295
,,,6139,0.254602
,,,6140,0.277362
,,,6141,0.271780
,,,6142,0.267665
,,,6143,0.252157
,,,6144,0.274577
,,,6145,0.270952
,,,6146,0.269118
,,,6147,0.261266
,,,6148,0.254229
,,,6149,0.262807
,,,6150,0.262439
,,,6151,0.268086
,,,6152,0.269181
,,,6153,0.269625
,,,6154,0.258694
,,,6155,0.269537
,,,6156,0.261209
,,,6157,0.264252
,,,6158,0.264534
,,,6159,0.267901
,,,6160,0.266234
,,,6161,0.265704
,,,6162,0.274099
,,,6163,0.266104
,,,6164,0.265899
,,,6165,0.260341
,,,6166,0.263380
,,,6167,0.271283
,,,6168,0.272860
,,,6169,0.260010
,,,6170,0.272447
,,,6171,0.269486
,,,6172,0.269605
,,,6173,0.269561
,,,6174,0.269031
,,,6175,0.268988
,,,6176,0.261010
,,,6177,0.271329
,,,6178,0.260117
,,,6179,0.253763
,,,6180,0.269579
,,,6181,0.273257
,,,6182,0.267874
,,,6183,0.267022
,,,6184,0.271022
,,,6185,0.267421
,,,6186,0.270126
,,,6187,0.267981
,,,6188,0.255010
,,,6189,0.270318
,,,6190,0.261228
,,,6191,0.264093
,,,6192,0.265504
,,,6193,0.262716
,,,6194,0.266064
,,,6195,0.268927
,,,6196,0.270336
,,,6197,0.257060
,,,6198,0.256373
,,,6199,0.261655
,,,6200,0.268710
,,,6201,0.277697
,,,6202,0.277169
,,,6203,0.264227
,,,6204,0.273211
,,,6205,0.270749
,,,6206,0.253464
,,,6207,0.256968
,,,6208,0.269169
,,,6209,0.265904
,,,6210,0.263607
,,,6211,0.274835
,,,6212,0.264971
,,,6213,0.273781
,,,6214,0.261828
,,,6215,0.262912
,,,6216,0.265927
,,,6217,0.262345
,,,6218,0.261016
,,,6219,0.269818
,,,6220,0.268650
,,,6221,0.263462
,,,6222,0.263099
,,,6223,0.264663
,,,6224,0.274261
,,,6225,0.263454
,,,6226,0.265339
,,,6227,0.260960
,,,6228,0.268626
,,,6229,0.278696
,,,6230,0.270787
,,,6231,0.268175
,,,6232,0.258825
,,,6233,0.270335
,,,6234,0.269490
,,,6235,0.268805
,,,6236,0.267800
,,,6237,0.269521
,,,6238,0.268195
,,,6239,0.268793
,,,6240,0.270994
,,,6241,0.261176
,,,6242,0.261294
,,,6243,0.265097
,,,6244,0.265054
,,,6245,0.266293
,,,6246,0.268972
,,,6247,0.260605
,,,6248,0.276569
,,,6249,0.268843
,,,6250,0.270880
,,,6251,0.265558
,,,6252,0.271593
,,,6253,0.262274
,,,6254,0.270867
,,,6255,0.259313
,,,6256,0.261829
,,,6257,0.273773
,,,6258,0.251997
,,,6259,0.267295
,,,6260,0.275719
,,,6261,0.262418
,,,6262,0.259023
,,,6263,0.275267
,,,6264,0.262292
,,,6265,0.261133
,,,6266,0.264762
,,,6267,0.271741
,,,6268,0.271378
,,,6269,0.267826
,,,6270,0.259490
,,,6271,0.254824
,,,6272,0.258450
,,,6273,0.258250
,,,6274,0.271916
,,,6275,0.272351
,,,6276,0.259879
,,,6277,0.262068
,,,6278,0.271902
,,,6279,0.266125
,,,6280,0.259236
,,,6281,0.264448
,,,6282,0.270296
,,,6283,0.265478
,,,6284,0.264640
,,,6285,0.268576
,,,6286,0.275215
,,,6287,0.261810
,,,6288,0.266539
,,,6289,0.265225
,,,6290,0.266932
,,,6291,0.261008
,,,6292,0.270343
,,,6293,0.268552
,,,6294,0.273435
,,,6295,0.267673
,,,6296,0.269536
,,,6297,0.265047
,,,6298,0.262305
,,,6299,0.266233
,,,6300,0.256667
,,,6301,0.277258
,,,6302,0.269756
,,,6303,0.264477
,,,6304,0.263325
,,,6305,0.271689
,,,6306,0.267682
,,,6307,0.272554
,,,6308,0.266646
,,,6309,0.269298
,,,6310,0.278605
,,,6311,0.270797
,,,6312,0.267902
,,,6313,0.276731
,,,6314,0.270985
,,,6315,0.273317
,,,6316,0.267099
,,,6317,0.261358
,,,6318,0.262741
,,,6319,0.263491
,,,6320,0.261392
,,,6321,0.266888
,,,6322,0.277602
,,,6323,0.264115
,,,6324,0.273087
,,,6325,0.266403
,,,6326,0.265096
,,,6327,0.269954
,,,6328,0.270386
,,,6329,0.265761
,,,6330,0.254976
,,,6331,0.259201
,,,6332,0.274005
,,,6333,0.274593
,,,6334,0.270445
,,,6335,0.265351
,,,6336,0.257260
,,,6337,0.270317
,,,6338,0.258283
,,,6339,0.277489
,,,6340,0.271609
,,,6341,0.271566
,,,6342,0.268685
,,,6343,0.268170
,,,6344,0.265132
,,,6345,0.270449
,,,6346,0.266309
,,,6347,0.271624
,,,6348,0.266698
,,,6349,0.274531
,,,6350,0.265039
,,,6351,0.272083
,,,6352,0.262280
,,,6353,0.264757
,,,6354,0.259049
,,,6355,0.272069
,,,6356,0.265576
,,,6357,0.260815
,,,6358,0.269267
,,,6359,0.267023
,,,6360,0.271541
,,,6361,0.270869
,,,6362,0.258881
,,,6363,0.265284
,,,6364,0.262414
,,,6365,0.270385
,,,6366,0.257619
,,,6367,0.268258
,,,6368,0.267117
,,,6369,0.273198
,,,6370,0.281005
,,,6371,0.264480
,,,6372,0.272285
,,,6373,0.269732
,,,6374,0.268277
,,,6375,0.271686
,,,6376,0.261920
,,,6377,0.267994
,,,6378,0.268266
,,,6379,0.263834
,,,6380,0.266928
,,,6381,0.269864
,,,6382,0.257913
,,,6383,0.267272
,,,6384,0.267387
,,,6385,0.266875
,,,6386,0.264015
,,,6387,0.254266
,,,6388,0.268159
,,,6389,0.270465
,,,6390,0.266667
,,,6391,0.262400
,,,6392,0.269086
,,,6393,0.259503
,,,6394,0.275102
,,,6395,0.270837
,,,6396,0.266729
,,,6397,0.270439
,,,6398,0.261644
,,,6399,0.263635
,,,6400,0.260000
,,,6401,0.271051
,,,6402,0.271478
,,,6403,0.274871
,,,6404,0.268582
,,,6405,0.267916
,,,6406,0.256166
,,,6407,0.262525
,,,6408,0.265449
,,,6409,0.267592
,,,6410,0.287207
,,,6411,0.261270
,,,6412,0.266843
,,,6413,0.267893
,,,6414,0.279233
,,,6415,0.268433
,,,6416,0.273223
,,,6417,0.280972
,,,6418,0.274229
,,,6419,0.250351
,,,6420,0.275389
,,,6421,0.261953
,,,6422,0.257864
,,,6423,0.266542
,,,6424,0.272883
,,,6425,0.264280
,,,6426,0.262838
,,,6427,0.264042
,,,6428,0.271780
,,,6429,0.271737
,,,6430,0.262208
,,,6431,0.267144
,,,6432,0.266480
,,,6433,0.263485
,,,6434,0.267330
,,,6435,0.270085
,,,6436,0.262119
,,,6437,0.277303
,,,6438,0.264523
,,,6439,0.263240
,,,6440,0.261491
,,,6441,0.262692
,,,6442,0.262807
,,,6443,0.268043
,,,6444,0.266294
,,,6445,0.263305
,,,6446,0.275365
,,,6447,0.261982
,,,6448,0.270471
,,,6449,0.260816
,,,6450,0.262791
,,,6451,0.269416
,,,6452,0.269374
,,,6453,0.263753
,,,6454,0.260769
,,,6455,0.270178
,,,6456,0.266109
,,,6457,0.255382
,,,6458,0.262775
,,,6459,0.268153
,,,6460,0.264706
,,,6461,0.259403
,,,6462,0.260136
,,,6463,0.259632
,,,6464,0.257116
,,,6465,0.255684
,,,6466,0.272038
,,,6467,0.271378
,,,6468,0.276902
,,,6469,0.270521
,,,6470,0.260742
,,,6471,0.266419
,,,6472,0.266533
,,,6473,0.267419
,,,6474,0.265678
,,,6475,0.263012
,,,6476,0.264206
,,,6477,0.257835
,,,6478,0.265668
,,,6479,0.267017
,,,6480,0.267901
,,,6481,0.271100
,,,6482,0.255014
,,,6483,0.269628
,,,6484,0.264960
,,,6485,0.273554
,,,6486,0.276133
,,,6487,0.272391
,,,6488,0.258323
,,,6489,0.262290
,,,6490,0.267180
,,,6491,0.272069
,,,6492,0.272797
,,,6493,0.265363
,,,6494,0.263628
,,,6495,0.268668
,,,6496,0.260006
,,,6497,0.267354
,,,6498,0.267159
,,,6499,0.264502
,,,6500,0.254769
,,,6501,0.264729
,,,6502,0.266687
,,,6503,0.262802
,,,6504,0.259533
,,,6505,0.269639
,,,6506,0.267292
,,,6507,0.269095
,,,6508,0.263522
,,,6509,0.269012
,,,6510,0.271736
,,,6511,0.273076
,,,6512,0.268428
,,,6513,0.258560
,,,6514,0.266963
,,,6515,0.260783
,,,6516,0.268416
,,,6517,0.256406
,,,6518,0.270482
,,,6519,0.268139
,,,6520,0.255828
,,,6521,0.275725
,,,6522,0.267249
,,,6523,0.263529
,,,6524,0.263948
,,,6525,0.268812
,,,6526,0.270763
,,,6527,0.269802
,,,6528,0.266544
,,,6529,0.256548
,,,6530,0.273201
,,,6531,0.265656
,,,6532,0.269749
,,,6533,0.264350
,,,6534,0.276094
,,,6535,0.256924
,,,6536,0.262393
,,,6537,0.274285
,,,6538,0.274702
,,,6539,0.267319
,,,6540,0.262691
,,,6541,0.266626
,,,6542,0.259401
,,,6543,0.263946
,,,6544,0.264364
,,,6545,0.263866
,,,6546,0.266422
,,,6547,0.270200
,,,6548,0.266035
,,,6549,0.273477
,,,6550,0.271756
,,,6551,0.263319
,,,6552,0.275336
,,,6553,0.266290
,,,6554,0.261367
,,,6555,0.268802
,,,6556,0.271202
,,,6557,0.270551
,,,6558,0.265325
,,,6559,0.270773
,,,6560,0.268902
,,,6561,0.268557
,,,6562,0.270802
,,,6563,0.273960
,,,65